0,"busselton,au"
1,"hermanus,za"
2,"thompson,ca"
3,"atuona,pf"
4,"rikitea,pf"
5,"atuona,pf"
6,"mataura,pf"
7,"rikitea,pf"
8,"busselton,au"
9,"vaini,to"
10,"hobart,au"
11,"albany,au"
12,"ushuaia,ar"
13,"khatanga,ru"
14,"bredasdorp,za"
15,"mataura,pf"
16,"kodiak,us"
17,"belushya guba,ru"
18,"busselton,au"
19,"puerto ayora,ec"
20,"mataura,pf"
21,"rikitea,pf"
22,"mar del plata,ar"
23,"kodiak,us"
24,"albany,au"
25,"kodiak,us"
26,"puerto ayora,ec"
27,"busselton,au"
28,"kapaa,us"
29,"albany,au"
30,"busselton,au"
31,"rikitea,pf"
32,"bethel,us"
33,"belushya guba,ru"
34,"rikitea,pf"
35,"mataura,pf"
36,"dikson,ru"
37,"yellowknife,ca"
38,"punta arenas,cl"
39,"cape town,za"
40,"albany,au"
41,"puerto ayora,ec"
42,"mar del plata,ar"
43,"longyearbyen,sj"
44,"vaini,to"
45,"rikitea,pf"
46,"ushuaia,ar"
47,"port alfred,za"
48,"longyearbyen,sj"
49,"punta arenas,cl"
50,"atuona,pf"
51,"rikitea,pf"
52,"ushuaia,ar"
53,"hermanus,za"
54,"hermanus,za"
55,"butaritari,ki"
56,"kahului,us"
57,"yellowknife,ca"
58,"punta arenas,cl"
59,"kaitangata,nz"
60,"rikitea,pf"
61,"castro,cl"
62,"rikitea,pf"
63,"hobart,au"
64,"vaini,to"
65,"castro,cl"
66,"hithadhoo,mv"
67,"punta arenas,cl"
68,"cape town,za"
69,"busselton,au"
70,"hithadhoo,mv"
71,"hilo,us"
72,"rikitea,pf"
73,"hasaki,jp"
74,"ushuaia,ar"
75,"yellowknife,ca"
76,"qaanaaq,gl"
77,"lagoa,pt"
78,"kapaa,us"
79,"albany,au"
80,"faya,td"
81,"cape town,za"
82,"bethel,us"
83,"ushuaia,ar"
84,"rikitea,pf"
85,"mataura,pf"
86,"albany,au"
87,"kodiak,us"
88,"bredasdorp,za"
89,"attawapiskat,ca"
90,"attawapiskat,ca"
91,"albany,au"
92,"punta arenas,cl"
93,"mataura,pf"
94,"torbay,ca"
95,"havoysund,no"
96,"mahebourg,mu"
97,"ushuaia,ar"
98,"albany,au"
99,"busselton,au"
100,"mataura,pf"
101,"bambous virieux,mu"
102,"cherskiy,ru"
103,"amderma,ru"
104,"chuy,uy"
105,"broome,au"
106,"albany,au"
107,"port hedland,au"
108,"rikitea,pf"
109,"hermanus,za"
110,"umzimvubu,za"
111,"rikitea,pf"
112,"bluff,nz"
113,"mataura,pf"
114,"rikitea,pf"
115,"atuona,pf"
116,"vaini,to"
117,"jamestown,sh"
118,"rocha,uy"
119,"illoqqortoormiut,gl"
120,"albany,au"
121,"port alfred,za"
122,"yellowknife,ca"
123,"rikitea,pf"
124,"punta arenas,cl"
125,"hithadhoo,mv"
126,"kapaa,us"
127,"illoqqortoormiut,gl"
128,"karaul,ru"
129,"new norfolk,au"
130,"saint-joseph,re"
131,"kapaa,us"
132,"arraial do cabo,br"
133,"port alfred,za"
134,"barrow,us"
135,"hermanus,za"
136,"busselton,au"
137,"ushuaia,ar"
138,"hermanus,za"
139,"albany,au"
140,"taolanaro,mg"
141,"saint-joseph,re"
142,"nikolskoye,ru"
143,"ushuaia,ar"
144,"barrow,us"
145,"lebu,cl"
146,"ushuaia,ar"
147,"busselton,au"
148,"rikitea,pf"
149,"hobart,au"
150,"cape town,za"
151,"busselton,au"
152,"mataura,pf"
153,"busselton,au"
154,"busselton,au"
155,"upernavik,gl"
156,"arraial do cabo,br"
157,"kapaa,us"
158,"rikitea,pf"
159,"bengkulu,id"
160,"butaritari,ki"
161,"esperance,au"
162,"saskylakh,ru"
163,"jamestown,sh"
164,"albany,au"
165,"mahebourg,mu"
166,"avarua,ck"
167,"hasaki,jp"
168,"ola,ru"
169,"hermanus,za"
170,"atuona,pf"
171,"ahipara,nz"
172,"rikitea,pf"
173,"nikolskoye,ru"
174,"carnarvon,au"
175,"cape town,za"
176,"belushya guba,ru"
177,"nome,us"
178,"kruisfontein,za"
179,"broken hill,au"
180,"ushuaia,ar"
181,"klaksvik,fo"
182,"yellowknife,ca"
183,"east london,za"
184,"hilo,us"
185,"yellowknife,ca"
186,"mataura,pf"
187,"kruisfontein,za"
188,"lavrentiya,ru"
189,"hermanus,za"
190,"cape town,za"
191,"ponta do sol,cv"
192,"taolanaro,mg"
193,"bluff,nz"
194,"dikson,ru"
195,"ahipara,nz"
196,"taolanaro,mg"
197,"umzimvubu,za"
198,"faya,td"
199,"cape town,za"
200,"torbay,ca"
201,"saint-philippe,re"
202,"ushuaia,ar"
203,"port alfred,za"
204,"ushuaia,ar"
205,"mataura,pf"
206,"esperance,au"
207,"lagoa,pt"
208,"qaanaaq,gl"
209,"bengkulu,id"
210,"nanortalik,gl"
211,"amderma,ru"
212,"kodiak,us"
213,"broken hill,au"
214,"hobart,au"
215,"illoqqortoormiut,gl"
216,"port elizabeth,za"
217,"hithadhoo,mv"
218,"busselton,au"
219,"ushuaia,ar"
220,"puerto ayora,ec"
221,"georgetown,sh"
222,"punta arenas,cl"
223,"chuy,uy"
224,"nome,us"
225,"tuktoyaktuk,ca"
226,"upernavik,gl"
227,"khatanga,ru"
228,"new norfolk,au"
229,"lagoa,pt"
230,"qaanaaq,gl"
231,"pangoa,pe"
232,"lebu,cl"
233,"cherskiy,ru"
234,"rikitea,pf"
235,"port alfred,za"
236,"torbay,ca"
237,"nikolskoye,ru"
238,"castro,cl"
239,"punta arenas,cl"
240,"upernavik,gl"
241,"mataura,pf"
242,"atuona,pf"
243,"rikitea,pf"
244,"rikitea,pf"
245,"hobart,au"
246,"mataura,pf"
247,"new norfolk,au"
248,"nabire,id"
249,"nabire,id"
250,"dikson,ru"
251,"marcona,pe"
252,"thompson,ca"
253,"mys shmidta,ru"
254,"port alfred,za"
255,"kapaa,us"
256,"victoria,sc"
257,"punta arenas,cl"
258,"taolanaro,mg"
259,"arraial do cabo,br"
260,"puerto ayora,ec"
261,"bluff,nz"
262,"busselton,au"
263,"tuktoyaktuk,ca"
264,"albany,au"
265,"castro,cl"
266,"ushuaia,ar"
267,"ushuaia,ar"
268,"saskylakh,ru"
269,"port alfred,za"
270,"lebu,cl"
271,"hilo,us"
272,"hasaki,jp"
273,"chokurdakh,ru"
274,"punta arenas,cl"
275,"najran,sa"
276,"port alfred,za"
277,"rikitea,pf"
278,"lagoa,pt"
279,"yellowknife,ca"
280,"thompson,ca"
281,"nanortalik,gl"
282,"hobart,au"
283,"rikitea,pf"
284,"arraial do cabo,br"
285,"yellowknife,ca"
286,"saldanha,za"
287,"touros,br"
288,"punta arenas,cl"
289,"victoria,sc"
290,"rikitea,pf"
291,"bluff,nz"
292,"punta arenas,cl"
293,"pevek,ru"
294,"leningradskiy,ru"
295,"busselton,au"
296,"saskylakh,ru"
297,"bredasdorp,za"
298,"mys shmidta,ru"
299,"thompson,ca"
300,"mataura,pf"
301,"lasa,cn"
302,"illoqqortoormiut,gl"
303,"hermanus,za"
304,"ushuaia,ar"
305,"chuy,uy"
306,"albany,au"
307,"taolanaro,mg"
308,"jamestown,sh"
309,"punta arenas,cl"
310,"mahebourg,mu"
311,"hobart,au"
312,"vaini,to"
313,"vaini,to"
314,"tsihombe,mg"
315,"grand river south east,mu"
316,"pevek,ru"
317,"illoqqortoormiut,gl"
318,"nizhneyansk,ru"
319,"faanui,pf"
320,"hermanus,za"
321,"rikitea,pf"
322,"chokurdakh,ru"
323,"mataura,pf"
324,"atuona,pf"
325,"rikitea,pf"
326,"busselton,au"
327,"butaritari,ki"
328,"hithadhoo,mv"
329,"rikitea,pf"
330,"punta arenas,cl"
331,"tasiilaq,gl"
332,"belushya guba,ru"
333,"new norfolk,au"
334,"vaini,to"
335,"bambous virieux,mu"
336,"vaini,to"
337,"rikitea,pf"
338,"arraial do cabo,br"
339,"cape town,za"
340,"mataura,pf"
341,"castro,cl"
342,"georgetown,sh"
343,"vaitupu,wf"
344,"atuona,pf"
345,"albany,au"
346,"mys shmidta,ru"
347,"provideniya,ru"
348,"khatanga,ru"
349,"nikolskoye,ru"
350,"bluff,nz"
351,"barrow,us"
352,"rikitea,pf"
353,"baruun-urt,mn"
354,"albany,au"
355,"norman wells,ca"
356,"vaini,to"
357,"hithadhoo,mv"
358,"rikitea,pf"
359,"hobart,au"
360,"illoqqortoormiut,gl"
361,"castro,cl"
362,"te anau,nz"
363,"hay river,ca"
364,"ushuaia,ar"
365,"belushya guba,ru"
366,"dikson,ru"
367,"hobart,au"
368,"sao filipe,cv"
369,"lorengau,pg"
370,"katsuura,jp"
371,"vaini,to"
372,"hermanus,za"
373,"lasa,cn"
374,"atuona,pf"
375,"hilo,us"
376,"saint george,bm"
377,"punta arenas,cl"
378,"arraial do cabo,br"
379,"ushuaia,ar"
380,"port alfred,za"
381,"punta arenas,cl"
382,"castro,cl"
383,"kapaa,us"
384,"ushuaia,ar"
385,"kruisfontein,za"
386,"east london,za"
387,"ushuaia,ar"
388,"pangnirtung,ca"
389,"puerto ayora,ec"
390,"jamestown,sh"
391,"alice springs,au"
392,"east london,za"
393,"samusu,ws"
394,"mataura,pf"
395,"chokurdakh,ru"
396,"saint-philippe,re"
397,"hermanus,za"
398,"bluff,nz"
399,"mataura,pf"
400,"bokspits,bw"
401,"new norfolk,au"
402,"victoria,sc"
403,"paamiut,gl"
404,"nikolskoye,ru"
405,"sibolga,id"
406,"port alfred,za"
407,"saint-philippe,re"
408,"kahului,us"
409,"hilo,us"
410,"tuatapere,nz"
411,"cidreira,br"
412,"sitka,us"
413,"kapaa,us"
414,"belaya gora,ru"
415,"new norfolk,au"
416,"taolanaro,mg"
417,"cayenne,gf"
418,"tommot,ru"
419,"mataura,pf"
420,"avarua,ck"
421,"albany,au"
422,"port alfred,za"
423,"hobart,au"
424,"bredasdorp,za"
425,"castro,cl"
426,"ushuaia,ar"
427,"klaksvik,fo"
428,"cape town,za"
429,"georgetown,sh"
430,"punta arenas,cl"
431,"san quintin,mx"
432,"bambous virieux,mu"
433,"saint-philippe,re"
434,"nishihara,jp"
435,"ushuaia,ar"
436,"amderma,ru"
437,"tsihombe,mg"
438,"mataura,pf"
439,"adrar,dz"
440,"rikitea,pf"
441,"nikolskoye,ru"
442,"jamestown,sh"
443,"hithadhoo,mv"
444,"albany,au"
445,"isangel,vu"
446,"butaritari,ki"
447,"carnarvon,au"
448,"mataura,pf"
449,"ushuaia,ar"
450,"barrow,us"
451,"kapaa,us"
452,"kodiak,us"
453,"nikolskoye,ru"
454,"clyde river,ca"
455,"severo-kurilsk,ru"
456,"touros,br"
457,"rikitea,pf"
458,"tasiilaq,gl"
459,"severo-kurilsk,ru"
460,"grand river south east,mu"
461,"albany,au"
462,"mataura,pf"
463,"yellowknife,ca"
464,"ushuaia,ar"
465,"tuatapere,nz"
466,"tasiilaq,gl"
467,"mataura,pf"
468,"broken hill,au"
469,"margate,za"
470,"bluff,nz"
471,"cape town,za"
472,"ushuaia,ar"
473,"barrow,us"
474,"belushya guba,ru"
475,"albany,au"
476,"punta arenas,cl"
477,"sinnamary,gf"
478,"hobart,au"
479,"paamiut,gl"
480,"provideniya,ru"
481,"hithadhoo,mv"
482,"kahului,us"
483,"nikolskoye,ru"
484,"cape town,za"
485,"atuona,pf"
486,"mar del plata,ar"
487,"belushya guba,ru"
488,"bluff,nz"
489,"saint-philippe,re"
490,"lebu,cl"
491,"puerto ayora,ec"
492,"atuona,pf"
493,"jamestown,sh"
494,"hambantota,lk"
495,"vaini,to"
496,"albany,au"
497,"punta arenas,cl"
498,"albany,au"
499,"hermanus,za"
500,"new norfolk,au"
501,"roma,au"
502,"victoria,sc"
503,"rikitea,pf"
504,"hilo,us"
505,"ribeira grande,pt"
506,"provideniya,ru"
507,"vaini,to"
508,"tasiilaq,gl"
509,"albany,au"
510,"thompson,ca"
511,"hasaki,jp"
512,"qaanaaq,gl"
513,"tuktoyaktuk,ca"
514,"qaanaaq,gl"
515,"pangai,to"
516,"chuy,uy"
517,"punta arenas,cl"
518,"carnarvon,au"
519,"east london,za"
520,"new norfolk,au"
521,"ushuaia,ar"
522,"tasiilaq,gl"
523,"puerto ayora,ec"
524,"puerto ayora,ec"
525,"jamestown,sh"
526,"oktyabrskiy,ru"
527,"arraial do cabo,br"
528,"attawapiskat,ca"
529,"karaul,ru"
530,"bethel,us"
531,"hermanus,za"
532,"grand river south east,mu"
533,"havoysund,no"
534,"tasiilaq,gl"
535,"cherskiy,ru"
536,"kapaa,us"
537,"sorong,id"
538,"faanui,pf"
539,"mahebourg,mu"
540,"arraial do cabo,br"
541,"torbay,ca"
542,"bluff,nz"
543,"hilo,us"
544,"port alfred,za"
545,"aklavik,ca"
546,"jamestown,sh"
547,"san andres,co"
548,"bredasdorp,za"
549,"saskylakh,ru"
550,"salinopolis,br"
551,"merauke,id"
552,"norman wells,ca"
553,"necochea,ar"
554,"east london,za"
555,"cayenne,gf"
556,"hambantota,lk"
557,"attawapiskat,ca"
558,"illoqqortoormiut,gl"
559,"castro,cl"
560,"albany,au"
561,"illoqqortoormiut,gl"
562,"cabo san lucas,mx"
563,"ushuaia,ar"
564,"faanui,pf"
565,"cape town,za"
566,"airai,pw"
567,"bluff,nz"
568,"bethel,us"
569,"ushuaia,ar"
570,"saint george,bm"
571,"puerto ayora,ec"
572,"hermanus,za"
573,"shenjiamen,cn"
574,"mnogovershinnyy,ru"
575,"margate,za"
576,"artyk,ru"
577,"cape town,za"
578,"cabo san lucas,mx"
579,"ushuaia,ar"
580,"zhigansk,ru"
581,"victoria,sc"
582,"cape town,za"
583,"severo-kurilsk,ru"
584,"namatanai,pg"
585,"barentsburg,sj"
586,"hobart,au"
587,"hasaki,jp"
588,"ushuaia,ar"
589,"dikson,ru"
590,"atuona,pf"
591,"ribeira grande,pt"
592,"bluff,nz"
593,"castro,cl"
594,"bluff,nz"
595,"dikson,ru"
596,"namatanai,pg"
597,"cape town,za"
598,"kruisfontein,za"
599,"ilulissat,gl"
600,"victoria,sc"
601,"ushuaia,ar"
602,"port alfred,za"
603,"cidreira,br"
604,"new norfolk,au"
605,"bluff,nz"
606,"yellowknife,ca"
607,"nikolskoye,ru"
608,"port alfred,za"
609,"bengkulu,id"
610,"ilulissat,gl"
611,"mys shmidta,ru"
612,"punta arenas,cl"
613,"cidreira,br"
614,"sitka,us"
615,"saint-philippe,re"
616,"hobart,au"
617,"new norfolk,au"
618,"hilo,us"
619,"carnarvon,au"
620,"new norfolk,au"
621,"rikitea,pf"
622,"mataura,pf"
623,"warqla,dz"
624,"mataura,pf"
625,"port alfred,za"
626,"dikson,ru"
627,"richards bay,za"
628,"tasiilaq,gl"
629,"cape town,za"
630,"taolanaro,mg"
631,"busselton,au"
632,"superior,us"
633,"punta arenas,cl"
634,"carnarvon,au"
635,"vaini,to"
636,"rikitea,pf"
637,"mahebourg,mu"
638,"saskylakh,ru"
639,"port lincoln,au"
640,"qaanaaq,gl"
641,"vaini,to"
642,"mar del plata,ar"
643,"karratha,au"
644,"hithadhoo,mv"
645,"sorland,no"
646,"east london,za"
647,"albany,au"
648,"hobart,au"
649,"thompson,ca"
650,"carnarvon,au"
651,"ribeira grande,pt"
652,"albany,au"
653,"narsaq,gl"
654,"vila franca do campo,pt"
655,"barrow,us"
656,"carnarvon,au"
657,"cabo san lucas,mx"
658,"amderma,ru"
659,"meulaboh,id"
660,"dikson,ru"
661,"sitka,us"
662,"hofn,is"
663,"ushuaia,ar"
664,"klaksvik,fo"
665,"port elizabeth,za"
666,"guerrero negro,mx"
667,"ahipara,nz"
668,"sioux lookout,ca"
669,"puerto ayora,ec"
670,"atuona,pf"
671,"punta arenas,cl"
672,"thompson,ca"
673,"ahipara,nz"
674,"busselton,au"
675,"belushya guba,ru"
676,"port alfred,za"
677,"kapaa,us"
678,"kaitangata,nz"
679,"nikolskoye,ru"
680,"mataura,pf"
681,"illoqqortoormiut,gl"
682,"kapaa,us"
683,"punta arenas,cl"
684,"nikolskoye,ru"
685,"jamestown,sh"
686,"rikitea,pf"
687,"ushuaia,ar"
688,"karratha,au"
689,"provideniya,ru"
690,"mataura,pf"
691,"ketchikan,us"
692,"aklavik,ca"
693,"vaitupu,wf"
694,"nikolskoye,ru"
695,"barrow,us"
696,"new norfolk,au"
697,"necochea,ar"
698,"ilhabela,br"
699,"rikitea,pf"
700,"butaritari,ki"
701,"rikitea,pf"
702,"castro,cl"
703,"puerto ayora,ec"
704,"mar del plata,ar"
705,"port elizabeth,za"
706,"victoria,sc"
707,"hithadhoo,mv"
708,"busselton,au"
709,"kavieng,pg"
710,"port alfred,za"
711,"bredasdorp,za"
712,"mataura,pf"
713,"nanortalik,gl"
714,"rikitea,pf"
715,"barentsburg,sj"
716,"albany,au"
717,"tsihombe,mg"
718,"bengkulu,id"
719,"vaini,to"
720,"bredasdorp,za"
721,"khatanga,ru"
722,"makat,kz"
723,"yellowknife,ca"
724,"esperance,au"
725,"jamestown,sh"
726,"new norfolk,au"
727,"rikitea,pf"
728,"hilo,us"
729,"makakilo city,us"
730,"new norfolk,au"
731,"punta arenas,cl"
732,"tasiilaq,gl"
733,"jamestown,sh"
734,"cidreira,br"
735,"hermanus,za"
736,"rikitea,pf"
737,"lokosovo,ru"
738,"kapaa,us"
739,"rikitea,pf"
740,"hilo,us"
741,"upernavik,gl"
742,"vila,vu"
743,"port elizabeth,za"
744,"bambous virieux,mu"
745,"albany,au"
746,"taolanaro,mg"
747,"airai,pw"
748,"carnarvon,au"
749,"mataura,pf"
750,"hithadhoo,mv"
751,"rikitea,pf"
752,"busselton,au"
753,"natal,br"
754,"atuona,pf"
755,"butaritari,ki"
756,"ponta do sol,cv"
757,"atuona,pf"
758,"kodiak,us"
759,"rawannawi,ki"
760,"illoqqortoormiut,gl"
761,"leningradskiy,ru"
762,"busselton,au"
763,"rikitea,pf"
764,"anadyr,ru"
765,"butaritari,ki"
766,"arraial do cabo,br"
767,"kodiak,us"
768,"east london,za"
769,"yellowknife,ca"
770,"avarua,ck"
771,"chuy,uy"
772,"avarua,ck"
773,"saint-joseph,re"
774,"vaini,to"
775,"bambous virieux,mu"
776,"illoqqortoormiut,gl"
777,"kavieng,pg"
778,"nikolskoye,ru"
779,"mataura,pf"
780,"vila velha,br"
781,"saskylakh,ru"
782,"yellowknife,ca"
783,"hobart,au"
784,"barrow,us"
785,"kodiak,us"
786,"victoria,sc"
787,"narsaq,gl"
788,"ponta do sol,cv"
789,"rikitea,pf"
790,"puerto ayora,ec"
791,"bambous virieux,mu"
792,"nouadhibou,mr"
793,"sur,om"
794,"puerto ayora,ec"
795,"bambous virieux,mu"
796,"punta arenas,cl"
797,"ancud,cl"
798,"bredasdorp,za"
799,"busselton,au"
800,"vaini,to"
801,"rikitea,pf"
802,"khatanga,ru"
803,"chokurdakh,ru"
804,"kodiak,us"
805,"busselton,au"
806,"chuy,uy"
807,"georgetown,sh"
808,"provideniya,ru"
809,"saint-philippe,re"
810,"vila velha,br"
811,"norman wells,ca"
812,"longyearbyen,sj"
813,"kodiak,us"
814,"rikitea,pf"
815,"naze,jp"
816,"rocha,uy"
817,"itarema,br"
818,"port alfred,za"
819,"natitingou,bj"
820,"hobyo,so"
821,"lebu,cl"
822,"upernavik,gl"
823,"rikitea,pf"
824,"rikitea,pf"
825,"vardo,no"
826,"albany,au"
827,"rikitea,pf"
828,"puerto escondido,mx"
829,"port elizabeth,za"
830,"belushya guba,ru"
831,"vaini,to"
832,"ushuaia,ar"
833,"dikson,ru"
834,"bluff,nz"
835,"bredasdorp,za"
836,"port alfred,za"
837,"butaritari,ki"
838,"hilo,us"
839,"rikitea,pf"
840,"hobart,au"
841,"tiksi,ru"
842,"cidreira,br"
843,"vardo,no"
844,"port elizabeth,za"
845,"necochea,ar"
846,"barentsburg,sj"
847,"ushuaia,ar"
848,"busselton,au"
849,"barentsburg,sj"
850,"mataura,pf"
851,"faya,td"
852,"avarua,ck"
853,"ushuaia,ar"
854,"new norfolk,au"
855,"saint-philippe,re"
856,"hermanus,za"
857,"carnarvon,au"
858,"hilo,us"
859,"kidal,ml"
860,"okhotsk,ru"
861,"victoria,sc"
862,"east london,za"
863,"chokurdakh,ru"
864,"barrow,us"
865,"rikitea,pf"
866,"busselton,au"
867,"kodiak,us"
868,"attawapiskat,ca"
869,"umzimvubu,za"
870,"dikson,ru"
871,"aykhal,ru"
872,"cape town,za"
873,"rikitea,pf"
874,"ribeira grande,pt"
875,"half moon bay,us"
876,"meulaboh,id"
877,"rikitea,pf"
878,"rikitea,pf"
879,"kavieng,pg"
880,"bredasdorp,za"
881,"port macquarie,au"
882,"banda aceh,id"
883,"atuona,pf"
884,"kapaa,us"
885,"te anau,nz"
886,"grand river south east,mu"
887,"atuona,pf"
888,"butaritari,ki"
889,"busselton,au"
890,"hithadhoo,mv"
891,"cidreira,br"
892,"tasiilaq,gl"
893,"salalah,om"
894,"bambous virieux,mu"
895,"coihaique,cl"
896,"bathsheba,bb"
897,"nikolskoye,ru"
898,"albany,au"
899,"gamba,ga"
900,"saskylakh,ru"
901,"port blair,in"
902,"atuona,pf"
903,"vaini,to"
904,"haines junction,ca"
905,"faanui,pf"
906,"bluff,nz"
907,"bluff,nz"
908,"mar del plata,ar"
909,"nome,us"
910,"albany,au"
911,"saint george,bm"
912,"busselton,au"
913,"castro,cl"
914,"punta arenas,cl"
915,"kodiak,us"
916,"albany,au"
917,"thompson,ca"
918,"busselton,au"
919,"tasiilaq,gl"
920,"busselton,au"
921,"jamestown,sh"
922,"yar-sale,ru"
923,"general roca,ar"
924,"belushya guba,ru"
925,"attawapiskat,ca"
926,"upernavik,gl"
927,"katsuura,jp"
928,"kaitangata,nz"
929,"katsuura,jp"
930,"albany,au"
931,"belushya guba,ru"
932,"bambous virieux,mu"
933,"hamilton,bm"
934,"bluff,nz"
935,"esperance,au"
936,"bluff,nz"
937,"jamestown,sh"
938,"ushuaia,ar"
939,"port alfred,za"
940,"pevek,ru"
941,"nikolskoye,ru"
942,"cidreira,br"
943,"albany,au"
944,"atuona,pf"
945,"rikitea,pf"
946,"dikson,ru"
947,"albany,au"
948,"ponta do sol,cv"
949,"nikolskoye,ru"
950,"mar del plata,ar"
951,"ushuaia,ar"
952,"leningradskiy,ru"
953,"bilibino,ru"
954,"cape town,za"
955,"katsuura,jp"
956,"busselton,au"
957,"chokurdakh,ru"
958,"pisco,pe"
959,"mys shmidta,ru"
960,"barentsburg,sj"
961,"constitucion,mx"
962,"hobart,au"
963,"port hardy,ca"
964,"mataura,pf"
965,"qaanaaq,gl"
966,"atuona,pf"
967,"vaini,to"
968,"ribeira grande,pt"
969,"carnarvon,au"
970,"severo-kurilsk,ru"
971,"ushuaia,ar"
972,"hermanus,za"
973,"busselton,au"
974,"acapulco,mx"
975,"kirakira,sb"
976,"cabo san lucas,mx"
977,"hofn,is"
978,"coihaique,cl"
979,"hobart,au"
980,"aklavik,ca"
981,"tasiilaq,gl"
982,"qaanaaq,gl"
983,"constitucion,mx"
984,"cidreira,br"
985,"mys shmidta,ru"
986,"katsuura,jp"
987,"cape town,za"
988,"sorong,id"
989,"kodiak,us"
990,"vaini,to"
991,"busselton,au"
992,"port lincoln,au"
993,"puerto escondido,mx"
994,"hermanus,za"
995,"tiksi,ru"
996,"vila franca do campo,pt"
997,"baruun-urt,mn"
998,"grand river south east,mu"
999,"bluff,nz"
1000,"rikitea,pf"
1001,"torbay,ca"
1002,"sao filipe,cv"
1003,"ushuaia,ar"
1004,"atuona,pf"
1005,"meulaboh,id"
1006,"olafsvik,is"
1007,"port alfred,za"
1008,"mataura,pf"
1009,"nanortalik,gl"
1010,"ushuaia,ar"
1011,"zhigansk,ru"
1012,"saskylakh,ru"
1013,"torbay,ca"
1014,"cape town,za"
1015,"ngukurr,au"
1016,"punta arenas,cl"
1017,"mataura,pf"
1018,"tiksi,ru"
1019,"tasiilaq,gl"
1020,"mataura,pf"
1021,"hobart,au"
1022,"georgetown,sh"
1023,"cape town,za"
1024,"tasiilaq,gl"
1025,"maldonado,uy"
1026,"ushuaia,ar"
1027,"sibolga,id"
1028,"barentsburg,sj"
1029,"illoqqortoormiut,gl"
1030,"east london,za"
1031,"punta arenas,cl"
1032,"puerto ayora,ec"
1033,"kapaa,us"
1034,"mataura,pf"
1035,"ushuaia,ar"
1036,"asau,tv"
1037,"cape town,za"
1038,"sur,om"
1039,"samusu,ws"
1040,"artyk,ru"
1041,"kendari,id"
1042,"illoqqortoormiut,gl"
1043,"provideniya,ru"
1044,"vaini,to"
1045,"nikolskoye,ru"
1046,"punta arenas,cl"
1047,"hobart,au"
1048,"ushuaia,ar"
1049,"bluff,nz"
1050,"esperance,au"
1051,"arlit,ne"
1052,"belaya gora,ru"
1053,"mataura,pf"
1054,"bredasdorp,za"
1055,"bredasdorp,za"
1056,"rikitea,pf"
1057,"hilo,us"
1058,"mar del plata,ar"
1059,"saldanha,za"
1060,"sao filipe,cv"
1061,"castro,cl"
1062,"albany,au"
1063,"carnarvon,au"
1064,"illoqqortoormiut,gl"
1065,"illoqqortoormiut,gl"
1066,"punta arenas,cl"
1067,"mataura,pf"
1068,"albany,au"
1069,"hithadhoo,mv"
1070,"rikitea,pf"
1071,"fairbanks,us"
1072,"hobart,au"
1073,"talnakh,ru"
1074,"ndende,ga"
1075,"new norfolk,au"
1076,"busselton,au"
1077,"khasan,ru"
1078,"ushuaia,ar"
1079,"pangnirtung,ca"
1080,"cape town,za"
1081,"mataura,pf"
1082,"rikitea,pf"
1083,"okhotsk,ru"
1084,"sao filipe,cv"
1085,"hilo,us"
1086,"albany,au"
1087,"rikitea,pf"
1088,"ushuaia,ar"
1089,"ushuaia,ar"
1090,"norman wells,ca"
1091,"kasongo-lunda,cd"
1092,"korla,cn"
1093,"grindavik,is"
1094,"hilo,us"
1095,"ribeira grande,pt"
1096,"yar-sale,ru"
1097,"ushuaia,ar"
1098,"hermanus,za"
1099,"punta arenas,cl"
1100,"hobart,au"
1101,"atuona,pf"
1102,"ushuaia,ar"
1103,"qaanaaq,gl"
1104,"ushuaia,ar"
1105,"jamestown,sh"
1106,"severo-kurilsk,ru"
1107,"vaini,to"
1108,"puerto ayora,ec"
1109,"busselton,au"
1110,"kahului,us"
1111,"san patricio,mx"
1112,"hami,cn"
1113,"sao filipe,cv"
1114,"tasiilaq,gl"
1115,"vaini,to"
1116,"souillac,mu"
1117,"mataura,pf"
1118,"mogadishu,so"
1119,"busselton,au"
1120,"saleaula,ws"
1121,"honiara,sb"
1122,"cherskiy,ru"
1123,"ushuaia,ar"
1124,"ilulissat,gl"
1125,"bijie,cn"
1126,"amderma,ru"
1127,"punta arenas,cl"
1128,"albany,au"
1129,"ushuaia,ar"
1130,"atuona,pf"
1131,"chokurdakh,ru"
1132,"port lincoln,au"
1133,"sentyabrskiy,ru"
1134,"vaini,to"
1135,"vardo,no"
1136,"ushuaia,ar"
1137,"barentsburg,sj"
1138,"ushuaia,ar"
1139,"port alfred,za"
1140,"jamestown,sh"
1141,"punta arenas,cl"
1142,"bredasdorp,za"
1143,"mnogovershinnyy,ru"
1144,"ushuaia,ar"
1145,"qaanaaq,gl"
1146,"puerto ayora,ec"
1147,"vaini,to"
1148,"korla,cn"
1149,"belushya guba,ru"
1150,"saint george,bm"
1151,"nome,us"
1152,"saint george,bm"
1153,"new norfolk,au"
1154,"tuktoyaktuk,ca"
1155,"rikitea,pf"
1156,"bluff,nz"
1157,"saskylakh,ru"
1158,"ponta delgada,pt"
1159,"hobart,au"
1160,"kavieng,pg"
1161,"cidreira,br"
1162,"koumac,nc"
1163,"hilo,us"
1164,"mataura,pf"
1165,"ushuaia,ar"
1166,"dikson,ru"
1167,"deputatskiy,ru"
1168,"busselton,au"
1169,"rikitea,pf"
1170,"kodiak,us"
1171,"castro,cl"
1172,"new norfolk,au"
1173,"klyuchi,ru"
1174,"arlit,ne"
1175,"hithadhoo,mv"
1176,"laguna,br"
1177,"kavieng,pg"
1178,"barrow,us"
1179,"cabo san lucas,mx"
1180,"kahului,us"
1181,"busselton,au"
1182,"hermanus,za"
1183,"arraial do cabo,br"
1184,"albany,au"
1185,"egvekinot,ru"
1186,"mataura,pf"
1187,"rikitea,pf"
1188,"kapaa,us"
1189,"kapaa,us"
1190,"rikitea,pf"
1191,"vaini,to"
1192,"cidreira,br"
1193,"esperance,au"
1194,"taolanaro,mg"
1195,"nikolskoye,ru"
1196,"thompson,ca"
1197,"barrow,us"
1198,"hasaki,jp"
1199,"tuktoyaktuk,ca"
1200,"provideniya,ru"
1201,"taolanaro,mg"
1202,"tessalit,ml"
1203,"bluff,nz"
1204,"qaanaaq,gl"
1205,"cape town,za"
1206,"rikitea,pf"
1207,"port hardy,ca"
1208,"punta arenas,cl"
1209,"tiksi,ru"
1210,"rikitea,pf"
1211,"hobart,au"
1212,"longyearbyen,sj"
1213,"hilo,us"
1214,"dingle,ie"
1215,"kapaa,us"
1216,"hermanus,za"
1217,"havoysund,no"
1218,"upernavik,gl"
1219,"ponta do sol,cv"
1220,"lasa,cn"
1221,"punta arenas,cl"
1222,"kapaa,us"
1223,"punta arenas,cl"
1224,"yellowknife,ca"
1225,"mataura,pf"
1226,"ilinskiy,ru"
1227,"nikolskoye,ru"
1228,"belushya guba,ru"
1229,"rikitea,pf"
1230,"busselton,au"
1231,"vardo,no"
1232,"saint-augustin,ca"
1233,"punta arenas,cl"
1234,"ancud,cl"
1235,"cape town,za"
1236,"bluff,nz"
1237,"bluff,nz"
1238,"mar del plata,ar"
1239,"tuktoyaktuk,ca"
1240,"amderma,ru"
1241,"samusu,ws"
1242,"attawapiskat,ca"
1243,"albany,au"
1244,"ushuaia,ar"
1245,"clyde river,ca"
1246,"tuatapere,nz"
1247,"vaini,to"
1248,"rikitea,pf"
1249,"cape town,za"
1250,"vaini,to"
1251,"busselton,au"
1252,"sitka,us"
1253,"ponta do sol,cv"
1254,"atuona,pf"
1255,"constitucion,mx"
1256,"paamiut,gl"
1257,"half moon bay,us"
1258,"taolanaro,mg"
1259,"taolanaro,mg"
1260,"ushuaia,ar"
1261,"ushuaia,ar"
1262,"jumla,np"
1263,"aklavik,ca"
1264,"puerto ayora,ec"
1265,"saskylakh,ru"
1266,"saint-philippe,re"
1267,"ribeira grande,pt"
1268,"mataura,pf"
1269,"port keats,au"
1270,"namibe,ao"
1271,"rikitea,pf"
1272,"clyde river,ca"
1273,"rawannawi,ki"
1274,"amderma,ru"
1275,"kapaa,us"
1276,"hithadhoo,mv"
1277,"nikolskoye,ru"
1278,"caravelas,br"
1279,"bredasdorp,za"
1280,"punta arenas,cl"
1281,"atuona,pf"
1282,"bathsheba,bb"
1283,"arraial do cabo,br"
1284,"saleaula,ws"
1285,"port lincoln,au"
1286,"albany,au"
1287,"iqaluit,ca"
1288,"kaitangata,nz"
1289,"punta arenas,cl"
1290,"naze,jp"
1291,"vaini,to"
1292,"avarua,ck"
1293,"mar del plata,ar"
1294,"clyde river,ca"
1295,"punta arenas,cl"
1296,"ahipara,nz"
1297,"mahebourg,mu"
1298,"busselton,au"
1299,"east london,za"
1300,"bengkulu,id"
1301,"illoqqortoormiut,gl"
1302,"nikolskoye,ru"
1303,"saint-philippe,re"
1304,"yialos,gr"
1305,"butaritari,ki"
1306,"cherskiy,ru"
1307,"qaanaaq,gl"
1308,"belushya guba,ru"
1309,"cabedelo,br"
1310,"ushuaia,ar"
1311,"dikson,ru"
1312,"punta arenas,cl"
1313,"kapaa,us"
1314,"kodiak,us"
1315,"luderitz,na"
1316,"bluff,nz"
1317,"quelimane,mz"
1318,"yellowknife,ca"
1319,"ushuaia,ar"
1320,"grand river south east,mu"
1321,"mocuba,mz"
1322,"bathsheba,bb"
1323,"albany,au"
1324,"puerto ayora,ec"
1325,"ushuaia,ar"
1326,"lompoc,us"
1327,"nikolskoye,ru"
1328,"lagoa,pt"
1329,"busselton,au"
1330,"vardo,no"
1331,"ngukurr,au"
1332,"qaanaaq,gl"
1333,"cherskiy,ru"
1334,"east london,za"
1335,"butaritari,ki"
1336,"thompson,ca"
1337,"taolanaro,mg"
1338,"mataura,pf"
1339,"bredasdorp,za"
1340,"codrington,ag"
1341,"butaritari,ki"
1342,"tuktoyaktuk,ca"
1343,"katsuura,jp"
1344,"caravelas,br"
1345,"nikolskoye,ru"
1346,"saint-augustin,ca"
1347,"rikitea,pf"
1348,"rikitea,pf"
1349,"nikolskoye,ru"
1350,"hermanus,za"
1351,"hovd,mn"
1352,"poum,nc"
1353,"illoqqortoormiut,gl"
1354,"nizhneyansk,ru"
1355,"belushya guba,ru"
1356,"hermanus,za"
1357,"vaini,to"
1358,"buraydah,sa"
1359,"hobyo,so"
1360,"rikitea,pf"
1361,"mataura,pf"
1362,"hamilton,bm"
1363,"hermanus,za"
1364,"mayo,ca"
1365,"inhambane,mz"
1366,"ushuaia,ar"
1367,"punta arenas,cl"
1368,"ukiah,us"
1369,"ushuaia,ar"
1370,"huarmey,pe"
1371,"barrow,us"
1372,"iquique,cl"
1373,"athabasca,ca"
1374,"new norfolk,au"
1375,"dingle,ie"
1376,"yellowknife,ca"
1377,"atuona,pf"
1378,"nizhneyansk,ru"
1379,"tasiilaq,gl"
1380,"albany,au"
1381,"lodwar,ke"
1382,"cape town,za"
1383,"hermanus,za"
1384,"rikitea,pf"
1385,"haines junction,ca"
1386,"kahului,us"
1387,"atuona,pf"
1388,"ushuaia,ar"
1389,"poum,nc"
1390,"rikitea,pf"
1391,"bethel,us"
1392,"butaritari,ki"
1393,"vila velha,br"
1394,"punta arenas,cl"
1395,"bengkulu,id"
1396,"belushya guba,ru"
1397,"ushuaia,ar"
1398,"saint-francois,gp"
1399,"hobyo,so"
1400,"dikson,ru"
1401,"lebanon,us"
1402,"bredasdorp,za"
1403,"mataura,pf"
1404,"bambous virieux,mu"
1405,"ushuaia,ar"
1406,"georgetown,sh"
1407,"ushuaia,ar"
1408,"souillac,mu"
1409,"atuona,pf"
1410,"vaitupu,wf"
1411,"ilulissat,gl"
1412,"saldanha,za"
1413,"bluff,nz"
1414,"longyearbyen,sj"
1415,"taltal,cl"
1416,"ushuaia,ar"
1417,"pevek,ru"
1418,"ushuaia,ar"
1419,"butaritari,ki"
1420,"hithadhoo,mv"
1421,"hilo,us"
1422,"vaini,to"
1423,"sola,vu"
1424,"norman wells,ca"
1425,"avarua,ck"
1426,"ushuaia,ar"
1427,"sao filipe,cv"
1428,"jamestown,sh"
1429,"cape town,za"
1430,"cape town,za"
1431,"east london,za"
1432,"hithadhoo,mv"
1433,"nabire,id"
1434,"iqaluit,ca"
1435,"kodiak,us"
1436,"jamestown,sh"
1437,"rikitea,pf"
1438,"jamestown,sh"
1439,"thompson,ca"
1440,"bethel,us"
1441,"mahebourg,mu"
1442,"provideniya,ru"
1443,"qaqortoq,gl"
1444,"taltal,cl"
1445,"mys shmidta,ru"
1446,"east london,za"
1447,"port elizabeth,za"
1448,"kapaa,us"
1449,"tasiilaq,gl"
1450,"mataura,pf"
1451,"kapaa,us"
1452,"ushuaia,ar"
1453,"ushuaia,ar"
1454,"kirakira,sb"
1455,"busselton,au"
1456,"saldanha,za"
1457,"bredasdorp,za"
1458,"port alfred,za"
1459,"mys shmidta,ru"
1460,"bilma,ne"
1461,"barentsburg,sj"
1462,"ostrovnoy,ru"
1463,"khani,ru"
1464,"ostrovnoy,ru"
1465,"sarangani,ph"
1466,"atuona,pf"
1467,"hobart,au"
1468,"chardara,kz"
1469,"ushuaia,ar"
1470,"ushuaia,ar"
1471,"punta arenas,cl"
1472,"provideniya,ru"
1473,"cape town,za"
1474,"yellowknife,ca"
1475,"namatanai,pg"
1476,"khatanga,ru"
1477,"upernavik,gl"
1478,"chokurdakh,ru"
1479,"barrow,us"
1480,"yellowknife,ca"
1481,"leningradskiy,ru"
1482,"ushuaia,ar"
1483,"yellowknife,ca"
1484,"ushuaia,ar"
1485,"busselton,au"
1486,"vaini,to"
1487,"upernavik,gl"
1488,"lorengau,pg"
1489,"yellowknife,ca"
1490,"barrow,us"
1491,"lavrentiya,ru"
1492,"hithadhoo,mv"
1493,"qaanaaq,gl"
1494,"ushuaia,ar"
1495,"ushuaia,ar"
1496,"nizhneyansk,ru"
1497,"port elizabeth,za"
1498,"taolanaro,mg"
1499,"busselton,au"
1500,"arraial do cabo,br"
1501,"vestmannaeyjar,is"
1502,"victoria,sc"
1503,"kaitangata,nz"
1504,"namibe,ao"
1505,"thompson,ca"
1506,"bluff,nz"
1507,"port elizabeth,za"
1508,"cidreira,br"
1509,"nikolskoye,ru"
1510,"tuktoyaktuk,ca"
1511,"dikson,ru"
1512,"thompson,ca"
1513,"umzimvubu,za"
1514,"puerto ayora,ec"
1515,"saint-philippe,re"
1516,"teahupoo,pf"
1517,"qaanaaq,gl"
1518,"kaitangata,nz"
1519,"thompson,ca"
1520,"busselton,au"
1521,"hilo,us"
1522,"taolanaro,mg"
1523,"ushuaia,ar"
1524,"airai,pw"
1525,"pisco,pe"
1526,"beringovskiy,ru"
1527,"grindavik,is"
1528,"tsihombe,mg"
1529,"mataura,pf"
1530,"bluff,nz"
1531,"porto novo,cv"
1532,"lasa,cn"
1533,"kloulklubed,pw"
1534,"shingu,jp"
1535,"bonavista,ca"
1536,"padang,id"
1537,"castro,cl"
1538,"amderma,ru"
1539,"hobart,au"
1540,"zhigansk,ru"
1541,"mataura,pf"
1542,"avarua,ck"
1543,"port alfred,za"
1544,"ushuaia,ar"
1545,"illoqqortoormiut,gl"
1546,"rikitea,pf"
1547,"busselton,au"
1548,"constitucion,mx"
1549,"punta arenas,cl"
1550,"havre-saint-pierre,ca"
1551,"luderitz,na"
1552,"kapaa,us"
1553,"ponta do sol,cv"
1554,"ahipara,nz"
1555,"hilo,us"
1556,"san quintin,mx"
1557,"grand river south east,mu"
1558,"kapaa,us"
1559,"ribeira grande,pt"
1560,"bonavista,ca"
1561,"vaini,to"
1562,"kodiak,us"
1563,"chuy,uy"
1564,"ilulissat,gl"
1565,"kavaratti,in"
1566,"klaksvik,fo"
1567,"hithadhoo,mv"
1568,"bethel,us"
1569,"saint-philippe,re"
1570,"pangnirtung,ca"
1571,"arraial do cabo,br"
1572,"rikitea,pf"
1573,"kapaa,us"
1574,"mount gambier,au"
1575,"jamestown,sh"
1576,"georgetown,sh"
1577,"qaanaaq,gl"
1578,"taolanaro,mg"
1579,"honiara,sb"
1580,"carnarvon,au"
1581,"attawapiskat,ca"
1582,"atuona,pf"
1583,"fort nelson,ca"
1584,"saskylakh,ru"
1585,"samusu,ws"
1586,"lompoc,us"
1587,"chokurdakh,ru"
1588,"karratha,au"
1589,"butaritari,ki"
1590,"bredasdorp,za"
1591,"nara,ml"
1592,"hermanus,za"
1593,"ngukurr,au"
1594,"port alfred,za"
1595,"bethel,us"
1596,"poum,nc"
1597,"rikitea,pf"
1598,"cherskiy,ru"
1599,"upernavik,gl"
1600,"mar del plata,ar"
1601,"constitucion,mx"
1602,"mar del plata,ar"
1603,"port alfred,za"
1604,"illoqqortoormiut,gl"
1605,"mahebourg,mu"
1606,"grand river south east,mu"
1607,"puerto ayora,ec"
1608,"husavik,is"
1609,"qasigiannguit,gl"
1610,"ushuaia,ar"
1611,"kapaa,us"
1612,"bethel,us"
1613,"meulaboh,id"
1614,"butaritari,ki"
1615,"hilo,us"
1616,"kodiak,us"
1617,"bluff,nz"
1618,"provideniya,ru"
1619,"rikitea,pf"
1620,"bluff,nz"
1621,"attawapiskat,ca"
1622,"ushuaia,ar"
1623,"natal,br"
1624,"port elizabeth,za"
1625,"taolanaro,mg"
1626,"chuy,uy"
1627,"taolanaro,mg"
1628,"albany,au"
1629,"hobart,au"
1630,"mahebourg,mu"
1631,"rikitea,pf"
1632,"ahipara,nz"
1633,"hasaki,jp"
1634,"illoqqortoormiut,gl"
1635,"rikitea,pf"
1636,"busselton,au"
1637,"tuktoyaktuk,ca"
1638,"bethel,us"
1639,"tuktoyaktuk,ca"
1640,"georgetown,sh"
1641,"albany,au"
1642,"kaitangata,nz"
1643,"amderma,ru"
1644,"mataura,pf"
1645,"hilo,us"
1646,"avera,pf"
1647,"bengkulu,id"
1648,"illoqqortoormiut,gl"
1649,"tsihombe,mg"
1650,"castro,cl"
1651,"illoqqortoormiut,gl"
1652,"hithadhoo,mv"
1653,"tuktoyaktuk,ca"
1654,"cape town,za"
1655,"busselton,au"
1656,"kavieng,pg"
1657,"qaanaaq,gl"
1658,"korla,cn"
1659,"acapulco,mx"
1660,"chabahar,ir"
1661,"mahebourg,mu"
1662,"oktyabrskiy,ru"
1663,"punta arenas,cl"
1664,"karaul,ru"
1665,"jumla,np"
1666,"aksarka,ru"
1667,"ushuaia,ar"
1668,"faanui,pf"
1669,"illoqqortoormiut,gl"
1670,"kaitangata,nz"
1671,"puerto ayora,ec"
1672,"maniitsoq,gl"
1673,"rikitea,pf"
1674,"barentsburg,sj"
1675,"tuktoyaktuk,ca"
1676,"umm kaddadah,sd"
1677,"souillac,mu"
1678,"hermanus,za"
1679,"carballo,es"
1680,"namatanai,pg"
1681,"puerto ayora,ec"
1682,"mataura,pf"
1683,"mys shmidta,ru"
1684,"hamilton,bm"
1685,"busselton,au"
1686,"longyearbyen,sj"
1687,"mar del plata,ar"
1688,"pisco,pe"
1689,"marawi,sd"
1690,"rikitea,pf"
1691,"emerald,au"
1692,"punta arenas,cl"
1693,"hobart,au"
1694,"hermanus,za"
1695,"lasa,cn"
1696,"mys shmidta,ru"
1697,"busselton,au"
1698,"new norfolk,au"
1699,"thompson,ca"
1700,"ushuaia,ar"
1701,"ancud,cl"
1702,"illoqqortoormiut,gl"
1703,"amderma,ru"
1704,"alice springs,au"
1705,"dikson,ru"
1706,"nikolskoye,ru"
1707,"hermanus,za"
1708,"kavaratti,in"
1709,"yellowknife,ca"
1710,"port alfred,za"
1711,"cidreira,br"
1712,"cape town,za"
1713,"taltal,cl"
1714,"bluff,nz"
1715,"rikitea,pf"
1716,"bredasdorp,za"
1717,"saint-philippe,re"
1718,"bur gabo,so"
1719,"khatanga,ru"
1720,"punta arenas,cl"
1721,"butaritari,ki"
1722,"tuktoyaktuk,ca"
1723,"alice springs,au"
1724,"narsaq,gl"
1725,"touros,br"
1726,"poum,nc"
1727,"jamestown,sh"
1728,"bilibino,ru"
1729,"east london,za"
1730,"te anau,nz"
1731,"busselton,au"
1732,"tsihombe,mg"
1733,"taoudenni,ml"
1734,"barrow,us"
1735,"barrow,us"
1736,"butaritari,ki"
1737,"ushuaia,ar"
1738,"rikitea,pf"
1739,"carnarvon,au"
1740,"cape town,za"
1741,"jamestown,sh"
1742,"vila franca do campo,pt"
1743,"atuona,pf"
1744,"bluff,nz"
1745,"bluff,nz"
1746,"vaini,to"
1747,"belushya guba,ru"
1748,"hamilton,bm"
1749,"port elizabeth,za"
1750,"ribeira grande,pt"
1751,"qaanaaq,gl"
1752,"tilichiki,ru"
1753,"ushuaia,ar"
1754,"punta arenas,cl"
1755,"avarua,ck"
1756,"port alfred,za"
1757,"brae,gb"
1758,"bluff,nz"
1759,"taolanaro,mg"
1760,"cape town,za"
1761,"port alfred,za"
1762,"kruisfontein,za"
1763,"ushuaia,ar"
1764,"vestmannaeyjar,is"
1765,"atuona,pf"
1766,"punta arenas,cl"
1767,"tiksi,ru"
1768,"hithadhoo,mv"
1769,"amderma,ru"
1770,"petropavlovsk-kamchatskiy,ru"
1771,"albany,au"
1772,"hithadhoo,mv"
1773,"vao,nc"
1774,"illoqqortoormiut,gl"
1775,"ushuaia,ar"
1776,"marzuq,ly"
1777,"nome,us"
1778,"sobolevo,ru"
1779,"cidreira,br"
1780,"arraial do cabo,br"
1781,"atuona,pf"
1782,"rikitea,pf"
1783,"mount isa,au"
1784,"kodiak,us"
1785,"katsuura,jp"
1786,"axim,gh"
1787,"cape town,za"
1788,"tumannyy,ru"
1789,"hobart,au"
1790,"kruisfontein,za"
1791,"hobart,au"
1792,"mataura,pf"
1793,"sentyabrskiy,ru"
1794,"laguna,br"
1795,"albany,au"
1796,"camacha,pt"
1797,"bluff,nz"
1798,"busselton,au"
1799,"bilma,ne"
1800,"rikitea,pf"
1801,"kapaa,us"
1802,"hobart,au"
1803,"barrow,us"
1804,"lasa,cn"
1805,"saint george,bm"
1806,"umzimvubu,za"
1807,"sorong,id"
1808,"nantucket,us"
1809,"axim,gh"
1810,"nikolskoye,ru"
1811,"norman wells,ca"
1812,"punta arenas,cl"
1813,"araouane,ml"
1814,"rikitea,pf"
1815,"mataura,pf"
1816,"bonavista,ca"
1817,"butaritari,ki"
1818,"carnarvon,au"
1819,"mataura,pf"
1820,"oranjestad,an"
1821,"pevek,ru"
1822,"cape town,za"
1823,"haines junction,ca"
1824,"rikitea,pf"
1825,"punta arenas,cl"
1826,"attawapiskat,ca"
1827,"georgetown,sh"
1828,"georgetown,sh"
1829,"atuona,pf"
1830,"camacha,pt"
1831,"new norfolk,au"
1832,"saint-philippe,re"
1833,"kodiak,us"
1834,"warqla,dz"
1835,"barentsburg,sj"
1836,"kapaa,us"
1837,"bluff,nz"
1838,"nikolskoye,ru"
1839,"illoqqortoormiut,gl"
1840,"taolanaro,mg"
1841,"talnakh,ru"
1842,"kahului,us"
1843,"castro,cl"
1844,"hermanus,za"
1845,"huarmey,pe"
1846,"busselton,au"
1847,"hobart,au"
1848,"tasiilaq,gl"
1849,"barrow,us"
1850,"cabo san lucas,mx"
1851,"illoqqortoormiut,gl"
1852,"namatanai,pg"
1853,"bluff,nz"
1854,"georgetown,sh"
1855,"quatre cocos,mu"
1856,"talnakh,ru"
1857,"saint-georges,gf"
1858,"butaritari,ki"
1859,"rikitea,pf"
1860,"atuona,pf"
1861,"sawtell,au"
1862,"kapaa,us"
1863,"illoqqortoormiut,gl"
1864,"bluff,nz"
1865,"illoqqortoormiut,gl"
1866,"albany,au"
1867,"kapaa,us"
1868,"east london,za"
1869,"cidreira,br"
1870,"albany,au"
1871,"nanortalik,gl"
1872,"georgetown,sh"
1873,"east london,za"
1874,"east london,za"
1875,"bredasdorp,za"
1876,"illoqqortoormiut,gl"
1877,"kununurra,au"
1878,"new norfolk,au"
1879,"tasiilaq,gl"
1880,"port elizabeth,za"
1881,"nishihara,jp"
1882,"tiksi,ru"
1883,"new norfolk,au"
1884,"carnarvon,au"
1885,"cape town,za"
1886,"rikitea,pf"
1887,"albany,au"
1888,"clyde river,ca"
1889,"ushuaia,ar"
1890,"ushuaia,ar"
1891,"puerto ayora,ec"
1892,"lompoc,us"
1893,"anadyr,ru"
1894,"grand river south east,mu"
1895,"dikson,ru"
1896,"meulaboh,id"
1897,"belmonte,br"
1898,"busselton,au"
1899,"ushuaia,ar"
1900,"punta arenas,cl"
1901,"butaritari,ki"
1902,"pisco,pe"
1903,"manggar,id"
1904,"vaini,to"
1905,"jamestown,sh"
1906,"provideniya,ru"
1907,"ponta do sol,cv"
1908,"rikitea,pf"
1909,"chuy,uy"
1910,"ushuaia,ar"
1911,"adrar,dz"
1912,"grindavik,is"
1913,"meulaboh,id"
1914,"ushuaia,ar"
1915,"college,us"
1916,"karratha,au"
1917,"saint-francois,gp"
1918,"cape town,za"
1919,"semey,kz"
1920,"marcona,pe"
1921,"avarua,ck"
1922,"punta arenas,cl"
1923,"ushuaia,ar"
1924,"jamestown,sh"
1925,"tasiilaq,gl"
1926,"cape town,za"
1927,"mys shmidta,ru"
1928,"bredasdorp,za"
1929,"ushuaia,ar"
1930,"bubaque,gw"
1931,"albany,au"
1932,"rikitea,pf"
1933,"barrow,us"
1934,"rikitea,pf"
1935,"new norfolk,au"
1936,"severo-kurilsk,ru"
1937,"saldanha,za"
1938,"severo-kurilsk,ru"
1939,"ushuaia,ar"
1940,"taolanaro,mg"
1941,"bluff,nz"
1942,"hermanus,za"
1943,"fortuna,us"
1944,"nikolskoye,ru"
1945,"port elizabeth,za"
1946,"saint-georges,gf"
1947,"hilo,us"
1948,"khatanga,ru"
1949,"rikitea,pf"
1950,"mahebourg,mu"
1951,"ushuaia,ar"
1952,"illoqqortoormiut,gl"
1953,"caravelas,br"
1954,"new norfolk,au"
1955,"mahebourg,mu"
1956,"albany,au"
1957,"samusu,ws"
1958,"mar del plata,ar"
1959,"norman wells,ca"
1960,"tual,id"
1961,"ushuaia,ar"
1962,"jamestown,sh"
1963,"san luis,ar"
1964,"airai,pw"
1965,"puerto ayora,ec"
1966,"yellowknife,ca"
1967,"ushuaia,ar"
1968,"katsuura,jp"
1969,"taolanaro,mg"
1970,"kapaa,us"
1971,"saint-philippe,re"
1972,"mataura,pf"
1973,"saint george,bm"
1974,"kaitangata,nz"
1975,"bambous virieux,mu"
1976,"tual,id"
1977,"arraial do cabo,br"
1978,"souillac,mu"
1979,"ushuaia,ar"
1980,"rikitea,pf"
1981,"mataura,pf"
1982,"mataura,pf"
1983,"hilo,us"
1984,"ancud,cl"
1985,"saint-philippe,re"
1986,"sentyabrskiy,ru"
1987,"illoqqortoormiut,gl"
1988,"taolanaro,mg"
1989,"arraial do cabo,br"
1990,"tsihombe,mg"
1991,"tsihombe,mg"
1992,"rikitea,pf"
1993,"taolanaro,mg"
1994,"vaitupu,wf"
1995,"katsuura,jp"
1996,"kodiak,us"
1997,"ponta do sol,cv"
1998,"sentyabrskiy,ru"
1999,"talnakh,ru"
2000,"albany,au"
2001,"alofi,nu"
2002,"belushya guba,ru"
2003,"punta arenas,cl"
2004,"tuktoyaktuk,ca"
2005,"luang prabang,la"
2006,"ilulissat,gl"
2007,"clyde river,ca"
2008,"kapaa,us"
2009,"vaini,to"
2010,"atuona,pf"
2011,"ushuaia,ar"
2012,"new norfolk,au"
2013,"rikitea,pf"
2014,"bethel,us"
2015,"ilulissat,gl"
2016,"georgetown,sh"
2017,"butaritari,ki"
2018,"mar del plata,ar"
2019,"tommot,ru"
2020,"barrow,us"
2021,"georgetown,sh"
2022,"jamestown,sh"
2023,"georgetown,sh"
2024,"taolanaro,mg"
2025,"hermanus,za"
2026,"ancud,cl"
2027,"jamestown,sh"
2028,"mataura,pf"
2029,"vao,nc"
2030,"barrow,us"
2031,"palabuhanratu,id"
2032,"vardo,no"
2033,"punta arenas,cl"
2034,"dikson,ru"
2035,"lompoc,us"
2036,"mar del plata,ar"
2037,"hofn,is"
2038,"tiksi,ru"
2039,"avarua,ck"
2040,"rikitea,pf"
2041,"belushya guba,ru"
2042,"attawapiskat,ca"
2043,"kapaa,us"
2044,"rikitea,pf"
2045,"yellowknife,ca"
2046,"auki,sb"
2047,"port alfred,za"
2048,"punta arenas,cl"
2049,"victoria,sc"
2050,"broome,au"
2051,"bubaque,gw"
2052,"ushuaia,ar"
2053,"new norfolk,au"
2054,"belushya guba,ru"
2055,"umm kaddadah,sd"
2056,"albany,au"
2057,"yellowknife,ca"
2058,"albany,au"
2059,"kaitangata,nz"
2060,"victoria,sc"
2061,"hobart,au"
2062,"atuona,pf"
2063,"punta arenas,cl"
2064,"busselton,au"
2065,"nikolskoye,ru"
2066,"avarua,ck"
2067,"guerrero negro,mx"
2068,"turbat,pk"
2069,"illoqqortoormiut,gl"
2070,"new norfolk,au"
2071,"cayenne,gf"
2072,"narsaq,gl"
2073,"pevek,ru"
2074,"busselton,au"
2075,"vaini,to"
2076,"kapaa,us"
2077,"hilo,us"
2078,"san patricio,mx"
2079,"praia da vitoria,pt"
2080,"san quintin,mx"
2081,"poum,nc"
2082,"kapaa,us"
2083,"tiksi,ru"
2084,"sentyabrskiy,ru"
2085,"ushuaia,ar"
2086,"saint george,bm"
2087,"rikitea,pf"
2088,"atuona,pf"
2089,"iqaluit,ca"
2090,"isangel,vu"
2091,"belushya guba,ru"
2092,"puerto ayora,ec"
2093,"east london,za"
2094,"barrow,us"
2095,"walvis bay,na"
2096,"illoqqortoormiut,gl"
2097,"avera,pf"
2098,"rikitea,pf"
2099,"campbell river,ca"
2100,"ponta do sol,cv"
2101,"bredasdorp,za"
2102,"belushya guba,ru"
2103,"hobart,au"
2104,"roebourne,au"
2105,"saint anthony,ca"
2106,"taolanaro,mg"
2107,"katsuura,jp"
2108,"dunedin,nz"
2109,"butaritari,ki"
2110,"bluff,nz"
2111,"evensk,ru"
2112,"port elizabeth,za"
2113,"college,us"
2114,"arraial do cabo,br"
2115,"avarua,ck"
2116,"nizhneyansk,ru"
2117,"ribeira grande,pt"
2118,"isangel,vu"
2119,"zhigansk,ru"
2120,"hithadhoo,mv"
2121,"alofi,nu"
2122,"sinnamary,gf"
2123,"pisco,pe"
2124,"illoqqortoormiut,gl"
2125,"ushuaia,ar"
2126,"thompson,ca"
2127,"pevek,ru"
2128,"taolanaro,mg"
2129,"albany,au"
2130,"upernavik,gl"
2131,"illoqqortoormiut,gl"
2132,"albany,au"
2133,"pevek,ru"
2134,"rocha,uy"
2135,"shimoda,jp"
2136,"buraydah,sa"
2137,"gravelbourg,ca"
2138,"cidreira,br"
2139,"saleaula,ws"
2140,"rikitea,pf"
2141,"sioux lookout,ca"
2142,"cabo san lucas,mx"
2143,"butaritari,ki"
2144,"vostok,ru"
2145,"cape town,za"
2146,"chokurdakh,ru"
2147,"merauke,id"
2148,"ushuaia,ar"
2149,"nhulunbuy,au"
2150,"georgetown,sh"
2151,"belushya guba,ru"
2152,"luwuk,id"
2153,"bambous virieux,mu"
2154,"mataura,pf"
2155,"butaritari,ki"
2156,"san quintin,mx"
2157,"cape town,za"
2158,"butaritari,ki"
2159,"arraial do cabo,br"
2160,"monroe,us"
2161,"saint george,bm"
2162,"jalu,ly"
2163,"haibowan,cn"
2164,"ngunguru,nz"
2165,"margate,za"
2166,"mataura,pf"
2167,"ushuaia,ar"
2168,"barentsburg,sj"
2169,"albany,au"
2170,"ushuaia,ar"
2171,"kapaa,us"
2172,"bredasdorp,za"
2173,"illoqqortoormiut,gl"
2174,"bambous virieux,mu"
2175,"kodiak,us"
2176,"rikitea,pf"
2177,"ushuaia,ar"
2178,"illoqqortoormiut,gl"
2179,"hermanus,za"
2180,"castro,cl"
2181,"puerto ayora,ec"
2182,"barentsburg,sj"
2183,"lebu,cl"
2184,"rikitea,pf"
2185,"ushuaia,ar"
2186,"namibe,ao"
2187,"sitka,us"
2188,"puerto escondido,mx"
2189,"vaitupu,wf"
2190,"powell river,ca"
2191,"bredasdorp,za"
2192,"chokurdakh,ru"
2193,"qaanaaq,gl"
2194,"samusu,ws"
2195,"ambilobe,mg"
2196,"puri,in"
2197,"puerto ayora,ec"
2198,"yellowknife,ca"
2199,"mahebourg,mu"
2200,"mount isa,au"
2201,"vaini,to"
2202,"bredasdorp,za"
2203,"faanui,pf"
2204,"ushuaia,ar"
2205,"nanortalik,gl"
2206,"thompson,ca"
2207,"hasaki,jp"
2208,"busselton,au"
2209,"nikolskoye,ru"
2210,"mar del plata,ar"
2211,"atuona,pf"
2212,"hobart,au"
2213,"yellowknife,ca"
2214,"bredasdorp,za"
2215,"port lincoln,au"
2216,"punta arenas,cl"
2217,"punta arenas,cl"
2218,"ponta do sol,cv"
2219,"ribeira grande,pt"
2220,"puerto ayora,ec"
2221,"hobart,au"
2222,"provideniya,ru"
2223,"saldanha,za"
2224,"barrow,us"
2225,"punta arenas,cl"
2226,"port alfred,za"
2227,"hobart,au"
2228,"hobart,au"
2229,"antofagasta,cl"
2230,"grand river south east,mu"
2231,"rikitea,pf"
2232,"illoqqortoormiut,gl"
2233,"amazar,ru"
2234,"taolanaro,mg"
2235,"cape town,za"
2236,"half moon bay,us"
2237,"rikitea,pf"
2238,"jamestown,sh"
2239,"albany,au"
2240,"saint anthony,ca"
2241,"saskylakh,ru"
2242,"hermanus,za"
2243,"punta arenas,cl"
2244,"jamestown,sh"
2245,"ushuaia,ar"
2246,"taolanaro,mg"
2247,"guerrero negro,mx"
2248,"faanui,pf"
2249,"busselton,au"
2250,"hobart,au"
2251,"kodiak,us"
2252,"poum,nc"
2253,"port alfred,za"
2254,"san quintin,mx"
2255,"saint-pierre,pm"
2256,"puerto ayora,ec"
2257,"tuktoyaktuk,ca"
2258,"new norfolk,au"
2259,"north bend,us"
2260,"bandarbeyla,so"
2261,"iqaluit,ca"
2262,"thompson,ca"
2263,"taolanaro,mg"
2264,"nishihara,jp"
2265,"saint-philippe,re"
2266,"paamiut,gl"
2267,"jamestown,sh"
2268,"hilo,us"
2269,"bluff,nz"
2270,"rikitea,pf"
2271,"rikitea,pf"
2272,"cockburn town,bs"
2273,"vestmannaeyjar,is"
2274,"port elizabeth,za"
2275,"hithadhoo,mv"
2276,"hilo,us"
2277,"amderma,ru"
2278,"hobart,au"
2279,"hermanus,za"
2280,"hobart,au"
2281,"warqla,dz"
2282,"port alfred,za"
2283,"ushuaia,ar"
2284,"norman wells,ca"
2285,"te anau,nz"
2286,"thompson,ca"
2287,"saint-philippe,re"
2288,"vaitupu,wf"
2289,"hobart,au"
2290,"hobart,au"
2291,"punta arenas,cl"
2292,"kruisfontein,za"
2293,"chuy,uy"
2294,"barrow,us"
2295,"saleaula,ws"
2296,"mar del plata,ar"
2297,"tsihombe,mg"
2298,"khatanga,ru"
2299,"kapaa,us"
2300,"fairbanks,us"
2301,"vostok,ru"
2302,"rikitea,pf"
2303,"busselton,au"
2304,"bluff,nz"
2305,"mataura,pf"
2306,"ushuaia,ar"
2307,"mehamn,no"
2308,"laguna,br"
2309,"port elizabeth,za"
2310,"east london,za"
2311,"butaritari,ki"
2312,"jamestown,sh"
2313,"new norfolk,au"
2314,"georgetown,sh"
2315,"lata,sb"
2316,"rikitea,pf"
2317,"cape town,za"
2318,"vangaindrano,mg"
2319,"cherskiy,ru"
2320,"roebourne,au"
2321,"buala,sb"
2322,"barrow,us"
2323,"bredasdorp,za"
2324,"hermanus,za"
2325,"jamestown,sh"
2326,"jamestown,sh"
2327,"nome,us"
2328,"bluff,nz"
2329,"narsaq,gl"
2330,"mataura,pf"
2331,"saint-philippe,re"
2332,"mys shmidta,ru"
2333,"saldanha,za"
2334,"guerrero negro,mx"
2335,"punta arenas,cl"
2336,"avarua,ck"
2337,"punta arenas,cl"
2338,"atuona,pf"
2339,"albany,au"
2340,"bandarbeyla,so"
2341,"khatanga,ru"
2342,"rikitea,pf"
2343,"barrow,us"
2344,"attawapiskat,ca"
2345,"belushya guba,ru"
2346,"vestmannaeyjar,is"
2347,"saint george,bm"
2348,"louisbourg,ca"
2349,"new norfolk,au"
2350,"hilo,us"
2351,"tuktoyaktuk,ca"
2352,"bredasdorp,za"
2353,"upernavik,gl"
2354,"mataura,pf"
2355,"new norfolk,au"
2356,"nikolskoye,ru"
2357,"ponta do sol,cv"
2358,"rikitea,pf"
2359,"jamestown,sh"
2360,"hermanus,za"
2361,"fairbanks,us"
2362,"puerto ayora,ec"
2363,"avarua,ck"
2364,"kodiak,us"
2365,"khatanga,ru"
2366,"rikitea,pf"
2367,"hermanus,za"
2368,"saint george,bm"
2369,"meyungs,pw"
2370,"samusu,ws"
2371,"hilo,us"
2372,"hilo,us"
2373,"ushuaia,ar"
2374,"albany,au"
2375,"dikson,ru"
2376,"palabuhanratu,id"
2377,"barrow,us"
2378,"tabuk,sa"
2379,"butaritari,ki"
2380,"cabo san lucas,mx"
2381,"puerto ayora,ec"
2382,"bengkulu,id"
2383,"hofn,is"
2384,"itarema,br"
2385,"sao miguel do araguaia,br"
2386,"hilo,us"
2387,"fairbanks,us"
2388,"jamestown,sh"
2389,"guerrero negro,mx"
2390,"barentsburg,sj"
2391,"ushuaia,ar"
2392,"avera,pf"
2393,"puerto ayora,ec"
2394,"rikitea,pf"
2395,"san cristobal,ec"
2396,"albany,au"
2397,"puerto ayora,ec"
2398,"karratha,au"
2399,"cabo san lucas,mx"
2400,"severo-kurilsk,ru"
2401,"bluff,nz"
2402,"busselton,au"
2403,"adrar,dz"
2404,"tuktoyaktuk,ca"
2405,"nikolskoye,ru"
2406,"klaksvik,fo"
2407,"dandong,cn"
2408,"carnarvon,au"
2409,"ilinskiy,ru"
2410,"kodiak,us"
2411,"mataura,pf"
2412,"faanui,pf"
2413,"punta arenas,cl"
2414,"punta arenas,cl"
2415,"vardo,no"
2416,"jamestown,sh"
2417,"pevek,ru"
2418,"mar del plata,ar"
2419,"bredasdorp,za"
2420,"taolanaro,mg"
2421,"ribeira grande,pt"
2422,"hermanus,za"
2423,"ushuaia,ar"
2424,"hermanus,za"
2425,"kavieng,pg"
2426,"waingapu,id"
2427,"bredasdorp,za"
2428,"hithadhoo,mv"
2429,"nikolskoye,ru"
2430,"belushya guba,ru"
2431,"castro,cl"
2432,"vaini,to"
2433,"carnarvon,au"
2434,"hobart,au"
2435,"kapaa,us"
2436,"vardo,no"
2437,"new norfolk,au"
2438,"honiara,sb"
2439,"korla,cn"
2440,"ushuaia,ar"
2441,"atuona,pf"
2442,"hami,cn"
2443,"thompson,ca"
2444,"marcona,pe"
2445,"vaini,to"
2446,"makakilo city,us"
2447,"faanui,pf"
2448,"mataura,pf"
2449,"lagoa,pt"
2450,"kropotkin,ru"
2451,"cape town,za"
2452,"san cristobal,ec"
2453,"kodiak,us"
2454,"albany,au"
2455,"chuy,uy"
2456,"taolanaro,mg"
2457,"hobart,au"
2458,"saint-philippe,re"
2459,"asau,tv"
2460,"rikitea,pf"
2461,"caravelas,br"
2462,"mataura,pf"
2463,"nikolskoye,ru"
2464,"chokurdakh,ru"
2465,"hithadhoo,mv"
2466,"busselton,au"
2467,"thompson,ca"
2468,"hermanus,za"
2469,"taolanaro,mg"
2470,"ushuaia,ar"
2471,"albany,au"
2472,"comodoro rivadavia,ar"
2473,"rikitea,pf"
2474,"georgetown,sh"
2475,"coahuayana,mx"
2476,"punta arenas,cl"
2477,"rikitea,pf"
2478,"kodiak,us"
2479,"santa maria,cv"
2480,"hermanus,za"
2481,"upernavik,gl"
2482,"busselton,au"
2483,"talnakh,ru"
2484,"luderitz,na"
2485,"taolanaro,mg"
2486,"busselton,au"
2487,"rikitea,pf"
2488,"san quintin,mx"
2489,"sentyabrskiy,ru"
2490,"itarema,br"
2491,"hilo,us"
2492,"san patricio,mx"
2493,"vaitupu,wf"
2494,"albany,au"
2495,"bredasdorp,za"
2496,"hilo,us"
2497,"cockburn harbour,tc"
2498,"nikolskoye,ru"
2499,"port alfred,za"
2500,"east london,za"
2501,"leningradskiy,ru"
2502,"puerto ayora,ec"
2503,"ancud,cl"
2504,"taolanaro,mg"
2505,"ancud,cl"
2506,"saint-philippe,re"
2507,"upernavik,gl"
2508,"salalah,om"
2509,"port alfred,za"
2510,"bredasdorp,za"
2511,"tasiilaq,gl"
2512,"rikitea,pf"
2513,"rikitea,pf"
2514,"hithadhoo,mv"
2515,"albany,au"
2516,"port elizabeth,za"
2517,"cidreira,br"
2518,"bolungarvik,is"
2519,"bluff,nz"
2520,"cabo san lucas,mx"
2521,"esperance,au"
2522,"grand river south east,mu"
2523,"buala,sb"
2524,"rikitea,pf"
2525,"cururupu,br"
2526,"barrow,us"
2527,"taolanaro,mg"
2528,"nanortalik,gl"
2529,"kaitangata,nz"
2530,"albany,au"
2531,"jamestown,sh"
2532,"pisco,pe"
2533,"mount gambier,au"
2534,"torbay,ca"
2535,"port elizabeth,za"
2536,"sulangan,ph"
2537,"hilo,us"
2538,"taoudenni,ml"
2539,"albany,au"
2540,"khatanga,ru"
2541,"cape town,za"
2542,"busselton,au"
2543,"bubaque,gw"
2544,"beringovskiy,ru"
2545,"kaitangata,nz"
2546,"ushuaia,ar"
2547,"barentsburg,sj"
2548,"vysokogornyy,ru"
2549,"kapaa,us"
2550,"vaini,to"
2551,"puerto ayora,ec"
2552,"cabo san lucas,mx"
2553,"butaritari,ki"
2554,"ponta do sol,cv"
2555,"rikitea,pf"
2556,"bilibino,ru"
2557,"rikitea,pf"
2558,"new norfolk,au"
2559,"carnarvon,au"
2560,"bluff,nz"
2561,"broome,au"
2562,"safaga,eg"
2563,"airai,pw"
2564,"castro,cl"
2565,"yellowknife,ca"
2566,"samusu,ws"
2567,"leningradskiy,ru"
2568,"bluff,nz"
2569,"bluff,nz"
2570,"nizhneyansk,ru"
2571,"dikson,ru"
2572,"caravelas,br"
2573,"nantucket,us"
2574,"mahebourg,mu"
2575,"mataura,pf"
2576,"rawson,ar"
2577,"isangel,vu"
2578,"grand river south east,mu"
2579,"dingle,ie"
2580,"samusu,ws"
2581,"rikitea,pf"
2582,"tiksi,ru"
2583,"san luis,ar"
2584,"coihaique,cl"
2585,"bredasdorp,za"
2586,"tuatapere,nz"
2587,"qaanaaq,gl"
2588,"victoria,sc"
2589,"albany,au"
2590,"klaksvik,fo"
2591,"illoqqortoormiut,gl"
2592,"richards bay,za"
2593,"taolanaro,mg"
2594,"kapaa,us"
2595,"san patricio,mx"
2596,"albany,au"
2597,"barrow,us"
2598,"saldanha,za"
2599,"ushuaia,ar"
2600,"barentsburg,sj"
2601,"ushuaia,ar"
2602,"bluff,nz"
2603,"cape town,za"
2604,"padang,id"
2605,"albany,au"
2606,"dikson,ru"
2607,"cidreira,br"
2608,"ostrovnoy,ru"
2609,"hermanus,za"
2610,"leningradskiy,ru"
2611,"nikolskoye,ru"
2612,"te anau,nz"
2613,"belyy yar,ru"
2614,"hasaki,jp"
2615,"hilo,us"
2616,"busselton,au"
2617,"hermanus,za"
2618,"butaritari,ki"
2619,"ixtapa,mx"
2620,"constitucion,mx"
2621,"saint-philippe,re"
2622,"tasiilaq,gl"
2623,"kloulklubed,pw"
2624,"grand river south east,mu"
2625,"yellowknife,ca"
2626,"newport,us"
2627,"belushya guba,ru"
2628,"puerto ayora,ec"
2629,"cherskiy,ru"
2630,"kodiak,us"
2631,"jalu,ly"
2632,"kapaa,us"
2633,"mocambique,mz"
2634,"hermanus,za"
2635,"hasaki,jp"
2636,"tommot,ru"
2637,"georgetown,sh"
2638,"hambantota,lk"
2639,"arraial do cabo,br"
2640,"bengkulu,id"
2641,"torbay,ca"
2642,"palu,id"
2643,"barrow,us"
2644,"ushuaia,ar"
2645,"pevek,ru"
2646,"samusu,ws"
2647,"ushuaia,ar"
2648,"albany,au"
2649,"hobart,au"
2650,"marawi,sd"
2651,"ostrovnoy,ru"
2652,"bambous virieux,mu"
2653,"busselton,au"
2654,"port alfred,za"
2655,"surt,ly"
2656,"mataura,pf"
2657,"bubaque,gw"
2658,"barrow,us"
2659,"marawi,sd"
2660,"tasiilaq,gl"
2661,"ushuaia,ar"
2662,"tiksi,ru"
2663,"namibe,ao"
2664,"hilo,us"
2665,"mar del plata,ar"
2666,"puerto escondido,mx"
2667,"hermanus,za"
2668,"khatanga,ru"
2669,"albany,au"
2670,"hermanus,za"
2671,"tiznit,ma"
2672,"katsuura,jp"
2673,"rikitea,pf"
2674,"saint-philippe,re"
2675,"busselton,au"
2676,"kapaa,us"
2677,"punta arenas,cl"
2678,"shimoda,jp"
2679,"severo-yeniseyskiy,ru"
2680,"pevek,ru"
2681,"hilo,us"
2682,"bredasdorp,za"
2683,"souillac,mu"
2684,"san andres,co"
2685,"kamenka,ru"
2686,"esperance,au"
2687,"busselton,au"
2688,"carnarvon,au"
2689,"atuona,pf"
2690,"kaitangata,nz"
2691,"qaanaaq,gl"
2692,"bethel,us"
2693,"rikitea,pf"
2694,"busselton,au"
2695,"butaritari,ki"
2696,"saldanha,za"
2697,"pringsewu,id"
2698,"cape town,za"
2699,"severomuysk,ru"
2700,"nikolskoye,ru"
2701,"punta arenas,cl"
2702,"bethel,us"
2703,"khatanga,ru"
2704,"georgetown,sh"
2705,"mataura,pf"
2706,"kodiak,us"
2707,"qaanaaq,gl"
2708,"albany,au"
2709,"nome,us"
2710,"atuona,pf"
2711,"mys shmidta,ru"
2712,"lompoc,us"
2713,"ushuaia,ar"
2714,"carnarvon,au"
2715,"jamestown,sh"
2716,"nome,us"
2717,"albany,au"
2718,"atuona,pf"
2719,"mataura,pf"
2720,"sentyabrskiy,ru"
2721,"college,us"
2722,"laguna,br"
2723,"atuona,pf"
2724,"atuona,pf"
2725,"kirakira,sb"
2726,"xichang,cn"
2727,"kapaa,us"
2728,"chumikan,ru"
2729,"puerto ayora,ec"
2730,"qaanaaq,gl"
2731,"brownsville,us"
2732,"ancud,cl"
2733,"jamestown,sh"
2734,"rio gallegos,ar"
2735,"lorengau,pg"
2736,"ushuaia,ar"
2737,"vaini,to"
2738,"busselton,au"
2739,"ancud,cl"
2740,"kaitangata,nz"
2741,"faanui,pf"
2742,"faya,td"
2743,"norman wells,ca"
2744,"lebu,cl"
2745,"new norfolk,au"
2746,"yellowknife,ca"
2747,"rikitea,pf"
2748,"lebu,cl"
2749,"rikitea,pf"
2750,"najran,sa"
2751,"belushya guba,ru"
2752,"saint-augustin,ca"
2753,"touros,br"
2754,"bredasdorp,za"
2755,"mataura,pf"
2756,"mataura,pf"
2757,"hobart,au"
2758,"arraial do cabo,br"
2759,"bredasdorp,za"
2760,"mabaruma,gy"
2761,"rikitea,pf"
2762,"bredasdorp,za"
2763,"paamiut,gl"
2764,"carnarvon,au"
2765,"atuona,pf"
2766,"ushuaia,ar"
2767,"ushuaia,ar"
2768,"arraial do cabo,br"
2769,"tumannyy,ru"
2770,"khatanga,ru"
2771,"kapaa,us"
2772,"tiznit,ma"
2773,"port alfred,za"
2774,"hilo,us"
2775,"tasiilaq,gl"
2776,"albany,au"
2777,"atuona,pf"
2778,"georgetown,sh"
2779,"barentsburg,sj"
2780,"port hedland,au"
2781,"hobyo,so"
2782,"hobart,au"
2783,"punta arenas,cl"
2784,"provideniya,ru"
2785,"guerrero negro,mx"
2786,"naze,jp"
2787,"rikitea,pf"
2788,"dunedin,nz"
2789,"ushuaia,ar"
2790,"los llanos de aridane,es"
2791,"butaritari,ki"
2792,"kapaa,us"
2793,"rikitea,pf"
2794,"illoqqortoormiut,gl"
2795,"jamestown,sh"
2796,"fort nelson,ca"
2797,"kapaa,us"
2798,"busselton,au"
2799,"mataura,pf"
2800,"kapaa,us"
2801,"sentyabrskiy,ru"
2802,"east london,za"
2803,"hilo,us"
2804,"busselton,au"
2805,"saint-philippe,re"
2806,"satitoa,ws"
2807,"xining,cn"
2808,"saleaula,ws"
2809,"rikitea,pf"
2810,"barrow,us"
2811,"ancud,cl"
2812,"mataura,pf"
2813,"ushuaia,ar"
2814,"cape town,za"
2815,"barentsburg,sj"
2816,"labutta,mm"
2817,"taolanaro,mg"
2818,"lebu,cl"
2819,"verkhnevilyuysk,ru"
2820,"qaanaaq,gl"
2821,"barentsburg,sj"
2822,"busselton,au"
2823,"bengkulu,id"
2824,"georgetown,sh"
2825,"kavaratti,in"
2826,"provideniya,ru"
2827,"rikitea,pf"
2828,"port alfred,za"
2829,"cape town,za"
2830,"los llanos de aridane,es"
2831,"port alfred,za"
2832,"punta arenas,cl"
2833,"mataura,pf"
2834,"codrington,ag"
2835,"dunedin,nz"
2836,"upernavik,gl"
2837,"barentsburg,sj"
2838,"chuy,uy"
2839,"warqla,dz"
2840,"grand river south east,mu"
2841,"punta arenas,cl"
2842,"tasiilaq,gl"
2843,"barentsburg,sj"
2844,"grand gaube,mu"
2845,"punta arenas,cl"
2846,"fukue,jp"
2847,"chuy,uy"
2848,"saskylakh,ru"
2849,"mys shmidta,ru"
2850,"taolanaro,mg"
2851,"bluff,nz"
2852,"belyy yar,ru"
2853,"busselton,au"
2854,"illoqqortoormiut,gl"
2855,"san patricio,mx"
2856,"mahenge,tz"
2857,"butaritari,ki"
2858,"vaini,to"
2859,"kruisfontein,za"
2860,"mar del plata,ar"
2861,"saint-philippe,re"
2862,"vaini,to"
2863,"butaritari,ki"
2864,"vao,nc"
2865,"mar del plata,ar"
2866,"rikitea,pf"
2867,"fort nelson,ca"
2868,"mataura,pf"
2869,"lebu,cl"
2870,"luderitz,na"
2871,"gravdal,no"
2872,"rikitea,pf"
2873,"butaritari,ki"
2874,"cape town,za"
2875,"vila velha,br"
2876,"khatanga,ru"
2877,"attawapiskat,ca"
2878,"rikitea,pf"
2879,"vaitupu,wf"
2880,"cockburn town,bs"
2881,"punta arenas,cl"
2882,"sorland,no"
2883,"port elizabeth,za"
2884,"kodiak,us"
2885,"punta arenas,cl"
2886,"taoudenni,ml"
2887,"qaanaaq,gl"
2888,"cabo san lucas,mx"
2889,"mataura,pf"
2890,"georgetown,sh"
2891,"ushuaia,ar"
2892,"te anau,nz"
2893,"saint-philippe,re"
2894,"atuona,pf"
2895,"touros,br"
2896,"butaritari,ki"
2897,"chokurdakh,ru"
2898,"albany,au"
2899,"tabiauea,ki"
2900,"jamestown,sh"
2901,"provideniya,ru"
2902,"qaanaaq,gl"
2903,"yellowknife,ca"
2904,"narsaq,gl"
2905,"jamestown,sh"
2906,"qaanaaq,gl"
2907,"katsuura,jp"
2908,"vardo,no"
2909,"alta floresta,br"
2910,"carnarvon,au"
2911,"puerto ayora,ec"
2912,"hobart,au"
2913,"upernavik,gl"
2914,"vaini,to"
2915,"hobart,au"
2916,"hamilton,bm"
2917,"nanortalik,gl"
2918,"kruisfontein,za"
2919,"rikitea,pf"
2920,"ribeira grande,pt"
2921,"longyearbyen,sj"
2922,"poum,nc"
2923,"georgetown,sh"
2924,"ushuaia,ar"
2925,"barrow,us"
2926,"taolanaro,mg"
2927,"faya,td"
2928,"kodiak,us"
2929,"vila,vu"
2930,"avarua,ck"
2931,"dingle,ie"
2932,"zhigansk,ru"
2933,"mount isa,au"
2934,"puerto ayora,ec"
2935,"dingle,ie"
2936,"severo-kurilsk,ru"
2937,"esperance,au"
2938,"champerico,gt"
2939,"new norfolk,au"
2940,"puerto ayora,ec"
2941,"sorland,no"
2942,"vardo,no"
2943,"praia da vitoria,pt"
2944,"port moresby,pg"
2945,"vaini,to"
2946,"dikson,ru"
2947,"zhigansk,ru"
2948,"rikitea,pf"
2949,"albany,au"
2950,"ambon,id"
2951,"leningradskiy,ru"
2952,"arraial do cabo,br"
2953,"cherskiy,ru"
2954,"tuatapere,nz"
2955,"ushuaia,ar"
2956,"dikson,ru"
2957,"saskylakh,ru"
2958,"luderitz,na"
2959,"hilo,us"
2960,"busselton,au"
2961,"vao,nc"
2962,"faanui,pf"
2963,"new norfolk,au"
2964,"ushuaia,ar"
2965,"hermanus,za"
2966,"arraial do cabo,br"
2967,"rikitea,pf"
2968,"srednekolymsk,ru"
2969,"soyo,ao"
2970,"chokurdakh,ru"
2971,"souillac,mu"
2972,"ilulissat,gl"
2973,"carnarvon,au"
2974,"illoqqortoormiut,gl"
2975,"hermanus,za"
2976,"ushuaia,ar"
2977,"kodiak,us"
2978,"saint-philippe,re"
2979,"hami,cn"
2980,"rawson,ar"
2981,"bambous virieux,mu"
2982,"busselton,au"
2983,"vardo,no"
2984,"kapaa,us"
2985,"mataura,pf"
2986,"qaanaaq,gl"
2987,"clyde river,ca"
2988,"mys shmidta,ru"
2989,"khatanga,ru"
2990,"aklavik,ca"
2991,"rikitea,pf"
2992,"foz,es"
2993,"upernavik,gl"
2994,"albany,au"
2995,"severo-kurilsk,ru"
2996,"qaanaaq,gl"
2997,"cayenne,gf"
2998,"yellowknife,ca"
2999,"bluff,nz"
3000,"geraldton,au"
3001,"qaanaaq,gl"
3002,"qaqortoq,gl"
3003,"saint anthony,ca"
3004,"samusu,ws"
3005,"yellowknife,ca"
3006,"albany,au"
3007,"katsuura,jp"
3008,"rikitea,pf"
3009,"geraldton,au"
3010,"new norfolk,au"
3011,"saskylakh,ru"
3012,"batagay-alyta,ru"
3013,"alofi,nu"
3014,"chuy,uy"
3015,"mataura,pf"
3016,"tessalit,ml"
3017,"nanortalik,gl"
3018,"busselton,au"
3019,"port elizabeth,za"
3020,"tuktoyaktuk,ca"
3021,"taolanaro,mg"
3022,"matara,lk"
3023,"hilo,us"
3024,"pevek,ru"
3025,"atuona,pf"
3026,"bambous virieux,mu"
3027,"faanui,pf"
3028,"nome,us"
3029,"rikitea,pf"
3030,"yerbogachen,ru"
3031,"xichang,cn"
3032,"kodiak,us"
3033,"iqaluit,ca"
3034,"satitoa,ws"
3035,"shenjiamen,cn"
3036,"mataura,pf"
3037,"hasaki,jp"
3038,"thompson,ca"
3039,"saskylakh,ru"
3040,"hermanus,za"
3041,"jamestown,sh"
3042,"saint-pierre,pm"
3043,"rikitea,pf"
3044,"yellowknife,ca"
3045,"rio gallegos,ar"
3046,"turukhansk,ru"
3047,"mataura,pf"
3048,"rikitea,pf"
3049,"cape town,za"
3050,"tasiilaq,gl"
3051,"sentyabrskiy,ru"
3052,"east london,za"
3053,"saint george,bm"
3054,"kodiak,us"
3055,"jamestown,sh"
3056,"talnakh,ru"
3057,"yellowknife,ca"
3058,"tasiilaq,gl"
3059,"hermanus,za"
3060,"saint-philippe,re"
3061,"kodiak,us"
3062,"albany,au"
3063,"mataura,pf"
3064,"cape town,za"
3065,"kavieng,pg"
3066,"bluff,nz"
3067,"kodiak,us"
3068,"amderma,ru"
3069,"port alfred,za"
3070,"olinda,br"
3071,"chokurdakh,ru"
3072,"jamestown,sh"
3073,"saint-philippe,re"
3074,"khatanga,ru"
3075,"ilhabela,br"
3076,"sao filipe,cv"
3077,"bluff,nz"
3078,"iqaluit,ca"
3079,"asau,tv"
3080,"rikitea,pf"
3081,"laguna,br"
3082,"ushuaia,ar"
3083,"port alfred,za"
3084,"tumannyy,ru"
3085,"kapaa,us"
3086,"kapit,my"
3087,"taolanaro,mg"
3088,"albany,au"
3089,"itarema,br"
3090,"ushuaia,ar"
3091,"touros,br"
3092,"vaini,to"
3093,"bluff,nz"
3094,"ponta do sol,pt"
3095,"rikitea,pf"
3096,"hermanus,za"
3097,"padang,id"
3098,"bethel,us"
3099,"lata,sb"
3100,"tessalit,ml"
3101,"saskylakh,ru"
3102,"jalu,ly"
3103,"north bend,us"
3104,"punta arenas,cl"
3105,"banda aceh,id"
3106,"saskylakh,ru"
3107,"bluff,nz"
3108,"longyearbyen,sj"
3109,"port elizabeth,za"
3110,"prince rupert,ca"
3111,"kapaa,us"
3112,"cape town,za"
3113,"airai,pw"
3114,"punta arenas,cl"
3115,"salalah,om"
3116,"qaanaaq,gl"
3117,"padang,id"
3118,"hithadhoo,mv"
3119,"albany,au"
3120,"bredasdorp,za"
3121,"taolanaro,mg"
3122,"hermanus,za"
3123,"vaini,to"
3124,"taolanaro,mg"
3125,"kapaa,us"
3126,"mataura,pf"
3127,"saint-philippe,re"
3128,"port alfred,za"
3129,"dikson,ru"
3130,"khatanga,ru"
3131,"busselton,au"
3132,"mataura,pf"
3133,"kaitangata,nz"
3134,"mataura,pf"
3135,"barentsburg,sj"
3136,"ijaki,ki"
3137,"fortuna,us"
3138,"severo-kurilsk,ru"
3139,"dikson,ru"
3140,"naze,jp"
3141,"asau,tv"
3142,"bambous virieux,mu"
3143,"rikitea,pf"
3144,"puerto ayora,ec"
3145,"atuona,pf"
3146,"port alfred,za"
3147,"vila franca do campo,pt"
3148,"klyuchi,ru"
3149,"bredasdorp,za"
3150,"hasaki,jp"
3151,"hithadhoo,mv"
3152,"bluff,nz"
3153,"bethel,us"
3154,"busselton,au"
3155,"beringovskiy,ru"
3156,"garden city,us"
3157,"severo-kurilsk,ru"
3158,"rikitea,pf"
3159,"qaanaaq,gl"
3160,"ushuaia,ar"
3161,"albany,au"
3162,"kapaa,us"
3163,"vaini,to"
3164,"vaini,to"
3165,"salalah,om"
3166,"albany,au"
3167,"saint anthony,ca"
3168,"camacha,pt"
3169,"avarua,ck"
3170,"esperance,au"
3171,"hermanus,za"
3172,"hithadhoo,mv"
3173,"pisco,pe"
3174,"arraial do cabo,br"
3175,"ambilobe,mg"
3176,"esperance,au"
3177,"tasiilaq,gl"
3178,"rikitea,pf"
3179,"albany,au"
3180,"ushuaia,ar"
3181,"kapaa,us"
3182,"saint george,bm"
3183,"faanui,pf"
3184,"hobart,au"
3185,"bambanglipuro,id"
3186,"cape town,za"
3187,"illoqqortoormiut,gl"
3188,"vaini,to"
3189,"ushuaia,ar"
3190,"puerto ayora,ec"
3191,"cape town,za"
3192,"port alfred,za"
3193,"thompson,ca"
3194,"yellowknife,ca"
3195,"jamestown,sh"
3196,"albany,au"
3197,"kaitangata,nz"
3198,"korla,cn"
3199,"butaritari,ki"
3200,"samusu,ws"
3201,"mount isa,au"
3202,"constitucion,cl"
3203,"maniitsoq,gl"
3204,"am timan,td"
3205,"hithadhoo,mv"
3206,"punta arenas,cl"
3207,"taolanaro,mg"
3208,"cherskiy,ru"
3209,"salalah,om"
3210,"narsaq,gl"
3211,"bluff,nz"
3212,"upernavik,gl"
3213,"voyvozh,ru"
3214,"ushuaia,ar"
3215,"san jeronimo,mx"
3216,"busselton,au"
3217,"cedar city,us"
3218,"bengkulu,id"
3219,"isangel,vu"
3220,"mataura,pf"
3221,"busselton,au"
3222,"rikitea,pf"
3223,"hithadhoo,mv"
3224,"busselton,au"
3225,"barentsburg,sj"
3226,"hobart,au"
3227,"kodiak,us"
3228,"busselton,au"
3229,"rikitea,pf"
3230,"san quintin,mx"
3231,"belushya guba,ru"
3232,"arraial do cabo,br"
3233,"saskylakh,ru"
3234,"port hedland,au"
3235,"vaini,to"
3236,"grand river south east,mu"
3237,"saldanha,za"
3238,"mataura,pf"
3239,"nouadhibou,mr"
3240,"tuktoyaktuk,ca"
3241,"mataura,pf"
3242,"boende,cd"
3243,"chuy,uy"
3244,"torbay,ca"
3245,"leningradskiy,ru"
3246,"bredasdorp,za"
3247,"provideniya,ru"
3248,"coquimbo,cl"
3249,"port alfred,za"
3250,"bluff,nz"
3251,"atuona,pf"
3252,"punta arenas,cl"
3253,"isangel,vu"
3254,"beloha,mg"
3255,"port hardy,ca"
3256,"thanh hoa,vn"
3257,"cape town,za"
3258,"taolanaro,mg"
3259,"mahebourg,mu"
3260,"port lincoln,au"
3261,"kapaa,us"
3262,"yulara,au"
3263,"tsihombe,mg"
3264,"albany,au"
3265,"vaini,to"
3266,"kapaa,us"
3267,"cayenne,gf"
3268,"puerto ayora,ec"
3269,"longyearbyen,sj"
3270,"ketchikan,us"
3271,"ushuaia,ar"
3272,"rikitea,pf"
3273,"severo-kurilsk,ru"
3274,"hasaki,jp"
3275,"hermanus,za"
3276,"bredasdorp,za"
3277,"atambua,id"
3278,"rikitea,pf"
3279,"rikitea,pf"
3280,"atuona,pf"
3281,"butaritari,ki"
3282,"new norfolk,au"
3283,"kapaa,us"
3284,"vardo,no"
3285,"albany,au"
3286,"longyearbyen,sj"
3287,"saint-philippe,re"
3288,"khatanga,ru"
3289,"bengkulu,id"
3290,"albany,au"
3291,"busselton,au"
3292,"torbay,ca"
3293,"faanui,pf"
3294,"ushuaia,ar"
3295,"bandarbeyla,so"
3296,"khatanga,ru"
3297,"port alfred,za"
3298,"punta arenas,cl"
3299,"taolanaro,mg"
3300,"carnarvon,au"
3301,"butaritari,ki"
3302,"te anau,nz"
3303,"ushuaia,ar"
3304,"barrow,us"
3305,"albany,au"
3306,"mataura,pf"
3307,"barawe,so"
3308,"taolanaro,mg"
3309,"salalah,om"
3310,"sao filipe,cv"
3311,"broome,au"
3312,"albany,au"
3313,"bredasdorp,za"
3314,"bethel,us"
3315,"praia da vitoria,pt"
3316,"ponta do sol,cv"
3317,"balkanabat,tm"
3318,"mataura,pf"
3319,"east london,za"
3320,"illoqqortoormiut,gl"
3321,"butaritari,ki"
3322,"port hedland,au"
3323,"adrar,dz"
3324,"la palma,pa"
3325,"cherskiy,ru"
3326,"okhotsk,ru"
3327,"chuy,uy"
3328,"port elizabeth,za"
3329,"georgetown,sh"
3330,"atuona,pf"
3331,"caravelas,br"
3332,"barrow,us"
3333,"bluff,nz"
3334,"rikitea,pf"
3335,"punta arenas,cl"
3336,"busselton,au"
3337,"nioro,ml"
3338,"geraldton,au"
3339,"bluff,nz"
3340,"hohhot,cn"
3341,"hermanus,za"
3342,"tuktoyaktuk,ca"
3343,"chifeng,cn"
3344,"albany,au"
3345,"belushya guba,ru"
3346,"thompson,ca"
3347,"ushuaia,ar"
3348,"new norfolk,au"
3349,"mar del plata,ar"
3350,"barrow,us"
3351,"mataura,pf"
3352,"jumla,np"
3353,"rikitea,pf"
3354,"georgetown,sh"
3355,"mahebourg,mu"
3356,"illoqqortoormiut,gl"
3357,"punta arenas,cl"
3358,"katsuura,jp"
3359,"atuona,pf"
3360,"acapulco,mx"
3361,"saint-philippe,re"
3362,"busselton,au"
3363,"taolanaro,mg"
3364,"rungata,ki"
3365,"arraial do cabo,br"
3366,"barcelos,br"
3367,"albany,au"
3368,"san quintin,mx"
3369,"muli,mv"
3370,"sibolga,id"
3371,"clyde river,ca"
3372,"rikitea,pf"
3373,"nanortalik,gl"
3374,"lompoc,us"
3375,"busselton,au"
3376,"kavaratti,in"
3377,"saskylakh,ru"
3378,"bredasdorp,za"
3379,"carnarvon,au"
3380,"necochea,ar"
3381,"ponta do sol,cv"
3382,"severo-kurilsk,ru"
3383,"sorland,no"
3384,"kapaa,us"
3385,"ushuaia,ar"
3386,"mataura,pf"
3387,"atuona,pf"
3388,"san cristobal,ec"
3389,"hithadhoo,mv"
3390,"belushya guba,ru"
3391,"alice springs,au"
3392,"vostok,ru"
3393,"hithadhoo,mv"
3394,"mucurapo,tt"
3395,"rikitea,pf"
3396,"albany,au"
3397,"tasiilaq,gl"
3398,"faanui,pf"
3399,"kodiak,us"
3400,"airai,pw"
3401,"castro,cl"
3402,"thompson,ca"
3403,"rikitea,pf"
3404,"albany,au"
3405,"albany,au"
3406,"busselton,au"
3407,"vaini,to"
3408,"chifeng,cn"
3409,"kapaa,us"
3410,"banda aceh,id"
3411,"barrow,us"
3412,"rikitea,pf"
3413,"samusu,ws"
3414,"puerto ayora,ec"
3415,"grindavik,is"
3416,"meulaboh,id"
3417,"butaritari,ki"
3418,"mataura,pf"
3419,"busselton,au"
3420,"punta arenas,cl"
3421,"mataura,pf"
3422,"bilma,ne"
3423,"bluff,nz"
3424,"barrow,us"
3425,"richards bay,za"
3426,"lebu,cl"
3427,"mar del plata,ar"
3428,"taolanaro,mg"
3429,"burica,pa"
3430,"ponta do sol,cv"
3431,"qaanaaq,gl"
3432,"illoqqortoormiut,gl"
3433,"vaini,to"
3434,"kloulklubed,pw"
3435,"nanortalik,gl"
3436,"taolanaro,mg"
3437,"upernavik,gl"
3438,"rawannawi,ki"
3439,"whitehorse,ca"
3440,"jamestown,sh"
3441,"goure,ne"
3442,"dikson,ru"
3443,"tiksi,ru"
3444,"rikitea,pf"
3445,"mataura,pf"
3446,"puerto ayora,ec"
3447,"puerto ayora,ec"
3448,"provideniya,ru"
3449,"punta arenas,cl"
3450,"provideniya,ru"
3451,"san patricio,mx"
3452,"abu dhabi,ae"
3453,"taolanaro,mg"
3454,"sisimiut,gl"
3455,"carnarvon,au"
3456,"bandarbeyla,so"
3457,"barrow,us"
3458,"aswan,eg"
3459,"pevek,ru"
3460,"yerbogachen,ru"
3461,"quelimane,mz"
3462,"grand river south east,mu"
3463,"kavieng,pg"
3464,"punta arenas,cl"
3465,"mataura,pf"
3466,"belushya guba,ru"
3467,"bethel,us"
3468,"barentsburg,sj"
3469,"salinopolis,br"
3470,"hervey bay,au"
3471,"salalah,om"
3472,"castro,cl"
3473,"port elizabeth,za"
3474,"cape town,za"
3475,"santa maria,cv"
3476,"touros,br"
3477,"vaini,to"
3478,"severo-kurilsk,ru"
3479,"hilo,us"
3480,"saskylakh,ru"
3481,"necochea,ar"
3482,"tuktoyaktuk,ca"
3483,"rikitea,pf"
3484,"cabo san lucas,mx"
3485,"rikitea,pf"
3486,"ushuaia,ar"
3487,"barentsburg,sj"
3488,"carnarvon,au"
3489,"clyde river,ca"
3490,"arraial do cabo,br"
3491,"rikitea,pf"
3492,"castro,cl"
3493,"cidreira,br"
3494,"eyl,so"
3495,"san cristobal,ec"
3496,"chokurdakh,ru"
3497,"punta arenas,cl"
3498,"te anau,nz"
3499,"bluff,nz"
3500,"bengkulu,id"
3501,"tsihombe,mg"
3502,"jamestown,sh"
3503,"iqaluit,ca"
3504,"atuona,pf"
3505,"marsa matruh,eg"
3506,"tasiilaq,gl"
3507,"hobart,au"
3508,"cayenne,gf"
3509,"busselton,au"
3510,"kruisfontein,za"
3511,"ukiah,us"
3512,"taolanaro,mg"
3513,"port hedland,au"
3514,"punta arenas,cl"
3515,"chuy,uy"
3516,"rikitea,pf"
3517,"busselton,au"
3518,"chokurdakh,ru"
3519,"bluff,nz"
3520,"airai,pw"
3521,"flinders,au"
3522,"krasnoselkup,ru"
3523,"margate,za"
3524,"jamestown,sh"
3525,"milkovo,ru"
3526,"nikolskoye,ru"
3527,"qaanaaq,gl"
3528,"cidreira,br"
3529,"narsaq,gl"
3530,"beyneu,kz"
3531,"tual,id"
3532,"amderma,ru"
3533,"lagoa,pt"
3534,"tumannyy,ru"
3535,"taolanaro,mg"
3536,"arraial do cabo,br"
3537,"ponta do sol,cv"
3538,"illoqqortoormiut,gl"
3539,"yar-sale,ru"
3540,"thompson,ca"
3541,"new norfolk,au"
3542,"busselton,au"
3543,"port alfred,za"
3544,"new norfolk,au"
3545,"port hardy,ca"
3546,"mataura,pf"
3547,"trincomalee,lk"
3548,"berlevag,no"
3549,"bethel,us"
3550,"rikitea,pf"
3551,"ushuaia,ar"
3552,"chuy,uy"
3553,"barrow,us"
3554,"rikitea,pf"
3555,"qaanaaq,gl"
3556,"castro,cl"
3557,"alta floresta,br"
3558,"bluff,nz"
3559,"ushuaia,ar"
3560,"yellowknife,ca"
3561,"hamilton,bm"
3562,"coihaique,cl"
3563,"rikitea,pf"
3564,"cape town,za"
3565,"ponta do sol,pt"
3566,"alyangula,au"
3567,"thompson,ca"
3568,"taoudenni,ml"
3569,"mayumba,ga"
3570,"dikson,ru"
3571,"new norfolk,au"
3572,"ixtapa,mx"
3573,"kodiak,us"
3574,"palabuhanratu,id"
3575,"kapaa,us"
3576,"yar-sale,ru"
3577,"saint-georges,gf"
3578,"bengkulu,id"
3579,"kaitangata,nz"
3580,"hermanus,za"
3581,"butaritari,ki"
3582,"tuktoyaktuk,ca"
3583,"mataura,pf"
3584,"barrow,us"
3585,"namatanai,pg"
3586,"hermanus,za"
3587,"naryan-mar,ru"
3588,"dikson,ru"
3589,"arraial do cabo,br"
3590,"punta arenas,cl"
3591,"ushuaia,ar"
3592,"mahebourg,mu"
3593,"cape town,za"
3594,"aksu,cn"
3595,"atuona,pf"
3596,"kodiak,us"
3597,"taolanaro,mg"
3598,"bluff,nz"
3599,"castro,cl"
3600,"xining,cn"
3601,"atuona,pf"
3602,"clyde river,ca"
3603,"taolanaro,mg"
3604,"hilo,us"
3605,"upernavik,gl"
3606,"viedma,ar"
3607,"port hardy,ca"
3608,"kruisfontein,za"
3609,"amderma,ru"
3610,"torbay,ca"
3611,"balkhash,kz"
3612,"san patricio,mx"
3613,"samusu,ws"
3614,"cape town,za"
3615,"hobart,au"
3616,"hambantota,lk"
3617,"ushuaia,ar"
3618,"punta arenas,cl"
3619,"lavrentiya,ru"
3620,"new norfolk,au"
3621,"torbay,ca"
3622,"el alto,pe"
3623,"atuona,pf"
3624,"illoqqortoormiut,gl"
3625,"lagoa,pt"
3626,"punta arenas,cl"
3627,"tuktoyaktuk,ca"
3628,"eyl,so"
3629,"hermanus,za"
3630,"arraial do cabo,br"
3631,"hailey,us"
3632,"pisco,pe"
3633,"ormara,pk"
3634,"rikitea,pf"
3635,"tuktoyaktuk,ca"
3636,"new norfolk,au"
3637,"clyde river,ca"
3638,"ushuaia,ar"
3639,"cape town,za"
3640,"dikson,ru"
3641,"taolanaro,mg"
3642,"carnarvon,au"
3643,"thompson,ca"
3644,"rikitea,pf"
3645,"butaritari,ki"
3646,"barrow,us"
3647,"esperance,au"
3648,"jalu,ly"
3649,"kodiak,us"
3650,"hithadhoo,mv"
3651,"busselton,au"
3652,"sentyabrskiy,ru"
3653,"kapaa,us"
3654,"ushuaia,ar"
3655,"srednekolymsk,ru"
3656,"eyl,so"
3657,"albany,au"
3658,"thompson,ca"
3659,"hermanus,za"
3660,"rikitea,pf"
3661,"fortuna,us"
3662,"vaini,to"
3663,"mahebourg,mu"
3664,"chokurdakh,ru"
3665,"los llanos de aridane,es"
3666,"punta arenas,cl"
3667,"cabo san lucas,mx"
3668,"punta arenas,cl"
3669,"halifax,ca"
3670,"hasaki,jp"
3671,"mataura,pf"
3672,"vaini,to"
3673,"grand river south east,mu"
3674,"hilo,us"
3675,"tasiilaq,gl"
3676,"mataura,pf"
3677,"khatanga,ru"
3678,"cape town,za"
3679,"vaini,to"
3680,"chumikan,ru"
3681,"vostok,ru"
3682,"wau,pg"
3683,"punta arenas,cl"
3684,"busselton,au"
3685,"cape town,za"
3686,"punta arenas,cl"
3687,"butaritari,ki"
3688,"lavrentiya,ru"
3689,"mataura,pf"
3690,"kapaa,us"
3691,"belushya guba,ru"
3692,"narsaq,gl"
3693,"qaanaaq,gl"
3694,"vardo,no"
3695,"jamestown,sh"
3696,"punta arenas,cl"
3697,"chara,ru"
3698,"saint-philippe,re"
3699,"cockburn town,bs"
3700,"portland,au"
3701,"faanui,pf"
3702,"praia da vitoria,pt"
3703,"puerto ayora,ec"
3704,"upernavik,gl"
3705,"strezhevoy,ru"
3706,"rikitea,pf"
3707,"avarua,ck"
3708,"mahebourg,mu"
3709,"mayo,ca"
3710,"barentsburg,sj"
3711,"grindavik,is"
3712,"tezu,in"
3713,"lompoc,us"
3714,"bluff,nz"
3715,"rikitea,pf"
3716,"nikolskoye,ru"
3717,"cherskiy,ru"
3718,"sitka,us"
3719,"new norfolk,au"
3720,"mabaruma,gy"
3721,"tual,id"
3722,"airai,pw"
3723,"barentsburg,sj"
3724,"taolanaro,mg"
3725,"mabaruma,gy"
3726,"sao filipe,cv"
3727,"severo-kurilsk,ru"
3728,"saint-francois,gp"
3729,"dikson,ru"
3730,"vaini,to"
3731,"barrow,us"
3732,"tuktoyaktuk,ca"
3733,"qaanaaq,gl"
3734,"rikitea,pf"
3735,"omsukchan,ru"
3736,"nikolskoye,ru"
3737,"saskylakh,ru"
3738,"mys shmidta,ru"
3739,"bengkulu,id"
3740,"surt,ly"
3741,"victoria,sc"
3742,"georgetown,sh"
3743,"cape town,za"
3744,"tasiilaq,gl"
3745,"punta arenas,cl"
3746,"hermanus,za"
3747,"bredasdorp,za"
3748,"longyearbyen,sj"
3749,"kaitangata,nz"
3750,"souillac,mu"
3751,"atuona,pf"
3752,"mataura,pf"
3753,"airai,pw"
3754,"avarua,ck"
3755,"alekseyevka,kz"
3756,"chokurdakh,ru"
3757,"pevek,ru"
3758,"dingle,ie"
3759,"tasiilaq,gl"
3760,"kapaa,us"
3761,"puerto ayora,ec"
3762,"ancud,cl"
3763,"fortuna,us"
3764,"barrow,us"
3765,"kapaa,us"
3766,"puerto ayora,ec"
3767,"hobart,au"
3768,"albany,au"
3769,"rikitea,pf"
3770,"mareeba,au"
3771,"luganville,vu"
3772,"ushuaia,ar"
3773,"mount gambier,au"
3774,"jamestown,sh"
3775,"pangnirtung,ca"
3776,"haines junction,ca"
3777,"cape town,za"
3778,"rikitea,pf"
3779,"punta arenas,cl"
3780,"karaul,ru"
3781,"artyk,ru"
3782,"nanortalik,gl"
3783,"port alfred,za"
3784,"paamiut,gl"
